Data_Split;FL;Non-IID;y_Dist;Epochs;Batches;Participant;ROC_AUC_Train;ROC_AUC_Test;ROC_AUC_OOS;LOGLOSS_Train;LOGLOSS_Test;LOGLOSS_OOS;PRAUC_Train;PRAUC_Test;PRAUC_OOS;BRIER_Train;BRIER_Test;BRIER_OOS;Model;Model_Type;TTG_ROCAUC;TTG_LOGLOSS;TTG_PRAUC;TTG_BRIER
8-2-1;0;0;7.83% - 7.85% - 7.90%;10;1024;1;0,786420338;0,757138369;0,759262708;0,231107151;0,245881794;0,240258616;0,272128005;0,23641586;0,230717313;0,063798507;0,067474031;0,06591883;Model 1;NonFed;0,029281969;-0,014774644;0,035712145;-0,003675524
8-2-1;0;0;7.83% - 7.85% - 7.90%;10;1024;2;0,775954404;0,754915977;0,744907036;0,23757431;0,240486477;0,246215387;0,259122817;0,232187047;0,20792095;0,065496748;0,065357653;0,066866928;Model 2;NonFed;0,021038427;-0,002912168;0,026935771;0
8-2-1;0;0;7.83% - 7.85% - 7.90%;10;1024;3;0,769366737;0,746373544;0,730542677;0,24059844;0,248107752;0,249238543;0,266558229;0,223796117;0,192031855;0,066268907;0,067790104;0,067677881;Model 3;NonFed;0,022993193;-0,007509312;0,042762113;-0,001521197
8-2-1;0;0;7.83% - 7.85% - 7.90%;10;512;1;0,806992488;0,758793282;0,759310544;0,223596549;0,24574362;0,240587333;0,311700277;0,240796455;0,22911528;0,062125348;0,067272296;0,065894959;Model 1;NonFed;0,048199206;-0,022147071;0,070903823;-0,005146949
8-2-1;0;0;7.83% - 7.85% - 7.90%;10;512;2;0,806440519;0,763551173;0,747627759;0,226294889;0,23874396;0,245660145;0,318315696;0,23707735;0,210855873;0,062865515;0,065164584;0,066924201;Model 2;NonFed;0,042889346;-0,01244907;0,081238345;-0,002299069
8-2-1;0;0;7.83% - 7.85% - 7.90%;10;512;3;0,813975971;0,751933998;0,739147866;0,224182165;0,246912867;0,247528179;0,355371892;0,231883653;0,200594304;0,062279959;0,067578426;0,067566931;Model 3;NonFed;0,062041972;-0,022730702;0,123488238;-0,005298467
8-2-1;0;0;7.83% - 7.85% - 7.90%;10;256;1;0,840066708;0,752866017;0,749953204;0,210726568;0,249619403;0,245077249;0,383030429;0,233244447;0,220550553;0,059177762;0,067816141;0,066532995;Model 1;NonFed;0,087200691;-0,038892835;0,149785982;-0,008638379
8-2-1;0;0;7.83% - 7.85% - 7.90%;10;256;2;0,854739805;0,760696654;0,742942466;0,205319903;0,241380745;0,249880723;0,432700511;0,23012702;0,204319729;0,05751221;0,066084514;0,068140224;Model 2;NonFed;0,094043151;-0,036060842;0,202573491;-0,008572304
8-2-1;0;0;7.83% - 7.85% - 7.90%;10;256;3;0,861602948;0,751611721;0,736396215;0,202928044;0,250027219;0,251293153;0,468798115;0,231061678;0,200155766;0,057176156;0,067809389;0,067866254;Model 3;NonFed;0,109991227;-0,047099175;0,237736437;-0,010633233
8-2-1;0;0;7.83% - 7.85% - 7.90%;10;128;1;0,889615282;0,730523515;0,724009486;0,187094328;0,262853348;0,259306604;0,499562184;0,208364318;0,192742473;0,053294712;0,069932398;0,069030621;Model 1;NonFed;0,159091767;-0,075759021;0,291197866;-0,016637687
8-2-1;0;0;7.83% - 7.85% - 7.90%;10;128;2;0,928590132;0,73172483;0,721180901;0,169426125;0,264787619;0,271525082;0,651445426;0,196129402;0,18170643;0,046116364;0,073239895;0,074961804;Model 2;NonFed;0,196865302;-0,095361494;0,455316024;-0,027123531
8-2-1;0;0;7.83% - 7.85% - 7.90%;10;128;3;0,944703061;0,728637076;0,707952742;0,150129897;0,26805998;0,27260232;0,725444248;0,204822961;0,174406812;0,041570931;0,071464059;0,072475874;Model 3;NonFed;0,216065985;-0,117930083;0,520621287;-0,029893128
8-2-1;0;0;7.83% - 7.85% - 7.90%;10;64;1;0,923002017;0,715122723;0,710169735;0,16628336;0,275437592;0,272548177;0,592017416;0,19408019;0,174319192;0,046908533;0,073105912;0,072933573;Model 1;NonFed;0,207879294;-0,109154232;0,397937226;-0,026197379
8-2-1;0;0;7.83% - 7.85% - 7.90%;10;64;2;0,978854774;0,707893172;0,693752984;0,102751797;0,309996519;0,320610643;0,85982807;0,170134454;0,164495977;0,028394606;0,075950262;0,077037837;Model 2;NonFed;0,270961601;-0,207244722;0,689693616;-0,047555656
8-2-1;0;0;7.83% - 7.85% - 7.90%;10;64;3;0,992464953;0,688932492;0,672124347;0,078295738;0,328991138;0,337097104;0,949097911;0,169965924;0,145297053;0,018819496;0,079772464;0,082035749;Model 3;NonFed;0,303532461;-0,250695399;0,779131987;-0,060952967
8-2-1;0;0;7.83% - 7.85% - 7.90%;10;32;1;0,933780586;0,718937166;0,713518181;0,156057172;0,300239608;0,293466421;0,631247839;0,19047086;0,189309095;0,045601988;0,07284973;0,070815636;Model 1;NonFed;0,21484342;-0,144182436;0,440776979;-0,027247741
8-2-1;0;0;7.83% - 7.85% - 7.90%;10;32;2;0,986163828;0,694175052;0,682894351;0,107086581;0,364139005;0,37119087;0,856290311;0,155085685;0,151147665;0,027851783;0,093686195;0,094207903;Model 2;NonFed;0,291988776;-0,257052424;0,701204626;-0,065834412
8-2-1;0;0;7.83% - 7.85% - 7.90%;10;32;3;0,996876475;0,69108458;0,673318402;0,056801094;0,412781664;0,417944608;0,944917338;0,17284927;0,157378629;0,012456719;0,090950259;0,091678786;Model 3;NonFed;0,305791895;-0,35598057;0,772068068;-0,07849354
8-2-1;0;0;7.83% - 7.85% - 7.90%;10;16;1;0,921877604;0,727362416;0,722129605;0,163017962;0,294191891;0,28803784;0,575498735;0,199096382;0,193028039;0,047459557;0,074393922;0,07238847;Model 1;NonFed;0,194515188;-0,131173929;0,376402353;-0,026934365
8-2-1;0;0;7.83% - 7.85% - 7.90%;10;16;2;0,985702353;0,660548362;0,658256521;0,086543947;0,383654251;0,387018811;0,901349345;0,137091527;0,13688593;0,024106704;0,0803251;0,079520832;Model 2;NonFed;0,325153991;-0,297110304;0,764257818;-0,056218396
8-2-1;0;0;7.83% - 7.85% - 7.90%;10;16;3;0,995164711;0,707227418;0,681668903;0,042970694;0,490152678;0,513026687;0,965850399;0,185848627;0,158000338;0,010938647;0,088120123;0,089821935;Model 3;NonFed;0,287937293;-0,447181984;0,780001773;-0,077181476
8-2-1;0;0;7.83% - 7.85% - 7.90%;5;1024;1;0,771078002;0,751505829;0,756489156;0,236061456;0,247487717;0,241089819;0,249797136;0,231073163;0,224893566;0,064867034;0,067719241;0,066079997;Model 1;NonFed;0,019572172;-0,011426261;0,018723973;-0,002852207
8-2-1;0;0;7.83% - 7.85% - 7.90%;5;1024;2;0,747311861;0,73865929;0,733334688;0,246688096;0,2444878;0,249209306;0,22141239;0,219813095;0,19527566;0,067343044;0,066097829;0,067376879;Model 2;NonFed;0,008652571;0;0,001599295;0
8-2-1;0;0;7.83% - 7.85% - 7.90%;5;1024;3;0,718998247;0,714583009;0,706284894;0,255186685;0,256875746;0,255383855;0,208334266;0,196502126;0,17563098;0,069107618;0,069229048;0,06847733;Model 3;NonFed;0,004415237;-0,001689061;0,01183214;-0,000121429
8-2-1;0;0;7.83% - 7.85% - 7.90%;5;512;1;0,784746166;0,756389603;0,761195326;0,23151818;0,246272266;0,239803091;0,272003685;0,237968821;0,229602097;0,06389616;0,067395994;0,065780756;Model 1;NonFed;0,028356563;-0,014754086;0,034034864;-0,003499833
8-2-1;0;0;7.83% - 7.85% - 7.90%;5;512;2;0,775966588;0,755300629;0,745502527;0,238166467;0,241215336;0,246620888;0,260290545;0,230525064;0,20694684;0,065598824;0,065610288;0,067138403;Model 2;NonFed;0,020665959;-0,003048869;0,029765481;-1,14642E-05
8-2-1;0;0;7.83% - 7.85% - 7.90%;5;512;3;0,770581977;0,744043567;0,730011835;0,240248972;0,249032893;0,249541899;0,273242054;0,225915481;0,192754562;0,066193386;0,067810253;0,067574382;Model 3;NonFed;0,02653841;-0,008783921;0,047326573;-0,001616867
8-2-1;0;0;7.83% - 7.85% - 7.90%;5;256;1;0,8012759;0,759036002;0,762737568;0,225947061;0,246182582;0,239858442;0,298791858;0,239299778;0,232191469;0,06268456;0,067344022;0,065735212;Model 1;NonFed;0,042239898;-0,020235521;0,059492079;-0,004659462
8-2-1;0;0;7.83% - 7.85% - 7.90%;5;256;2;0,804533711;0,761550178;0,747787644;0,227323874;0,239195673;0,245625527;0,314486562;0,238540058;0,211218131;0,06307669;0,065220032;0,067007815;Model 2;NonFed;0,042983533;-0,011871799;0,075946503;-0,002143343
8-2-1;0;0;7.83% - 7.85% - 7.90%;5;256;3;0,808329847;0,750089112;0,737905015;0,227082076;0,247260681;0,247459552;0,338873967;0,228838284;0,197775008;0,063201515;0,06765153;0,067445257;Model 3;NonFed;0,058240735;-0,020178605;0,110035683;-0,004450015
8-2-1;0;0;7.83% - 7.85% - 7.90%;5;128;1;0,82077435;0,758386032;0,753972834;0,219743319;0,247468495;0,243322758;0,332049943;0,237105731;0,222006734;0,061485575;0,06757043;0,066350187;Model 1;NonFed;0,062388318;-0,027725176;0,094944213;-0,006084855
8-2-1;0;0;7.83% - 7.85% - 7.90%;5;128;2;0,838911153;0,764500893;0,746409166;0,213712375;0,238907449;0,246886972;0,380048896;0,236081238;0,210387488;0,060165561;0,065165203;0,067010224;Model 2;NonFed;0,07441026;-0,025195074;0,143967657;-0,004999642
8-2-1;0;0;7.83% - 7.85% - 7.90%;5;128;3;0,853482384;0,746938702;0,732329059;0,207633231;0,250357713;0,250591458;0,447632439;0,220594623;0,196553218;0,058166241;0,068291478;0,068013371;Model 3;NonFed;0,106543682;-0,042724482;0,227037815;-0,010125237
8-2-1;0;0;7.83% - 7.85% - 7.90%;5;64;1;0,838613551;0,751393686;0,748696393;0,212971505;0,248650418;0,244098544;0,365348684;0,228369811;0,211717235;0,059823636;0,067922897;0,06674964;Model 1;NonFed;0,087219866;-0,035678912;0,136978873;-0,008099261
8-2-1;0;0;7.83% - 7.85% - 7.90%;5;64;2;0,876259756;0,753201579;0,740036792;0,198161444;0,244098764;0,250680279;0,477176756;0,219154436;0,203051279;0,055466068;0,06673433;0,068315403;Model 2;NonFed;0,123058176;-0,04593732;0,25802232;-0,011268262
8-2-1;0;0;7.83% - 7.85% - 7.90%;5;64;3;0,911296376;0,735778263;0,718201054;0,178998878;0,25944621;0,259883564;0,610557355;0,200292223;0,185441484;0,049426532;0,070917075;0,070700085;Model 3;NonFed;0,175518114;-0,080447332;0,410265132;-0,021490544
8-2-1;0;0;7.83% - 7.85% - 7.90%;5;32;1;0,852576759;0,751651216;0,749811125;0,205771071;0,249993728;0,245290212;0,39712787;0,236369099;0,218752611;0,05815189;0,067773062;0,066713523;Model 1;NonFed;0,100925543;-0,044222657;0,160758771;-0,009621172
8-2-1;0;0;7.83% - 7.85% - 7.90%;5;32;2;0,921455006;0,73254835;0,719646384;0,184370766;0,262166301;0,26924024;0,604964871;0,190631069;0,184018782;0,049768033;0,071933592;0,073216232;Model 2;NonFed;0,188906657;-0,077795535;0,414333802;-0,022165559
8-2-1;0;0;7.83% - 7.85% - 7.90%;5;32;3;0,944639464;0,724657354;0,711401884;0,151876467;0,2776278;0,277463303;0,70435836;0,19954185;0,174025318;0,044405935;0,070632518;0,070980475;Model 3;NonFed;0,219982109;-0,125751334;0,50481651;-0,026226583
8-2-1;0;0;7.83% - 7.85% - 7.90%;5;16;1;0,85839291;0,751692969;0,741671726;0,209873976;0,246762181;0,244918554;0,392543743;0,234767476;0,207338487;0,059336484;0,067571168;0,066860333;Model 1;NonFed;0,106699941;-0,036888204;0,157776267;-0,008234684
8-2-1;0;0;7.83% - 7.85% - 7.90%;5;16;2;0,925554036;0,719426468;0,708166357;0,173133047;0,264625001;0,267337553;0,574254988;0,174626478;0,173387927;0,049394736;0,071156013;0,071807998;Model 2;NonFed;0,206127568;-0,091491955;0,39962851;-0,021761278
8-2-1;0;0;7.83% - 7.85% - 7.90%;5;16;3;0,960821591;0,712540469;0,699220829;0,134627005;0,292180089;0,290609952;0,77792322;0,177945961;0,169353236;0,038638733;0,072926076;0,072596342;Model 3;NonFed;0,248281122;-0,157553083;0,599977259;-0,034287343
8-2-1;0;0;7.83% - 7.85% - 7.90%;3;1024;1;0,759734251;0,744444789;0,750753842;0,239644353;0,249556466;0,243086336;0,233782789;0,224001272;0,217780894;0,065576625;0,068066028;0,066411201;Model 1;NonFed;0,015289462;-0,009912113;0,009781516;-0,002489403
8-2-1;0;0;7.83% - 7.85% - 7.90%;3;1024;2;0,719883091;0,71582919;0,715454428;0,254318185;0,249899361;0,253687198;0,194558841;0,202245801;0,182226575;0,068673408;0,067009165;0,068065709;Model 2;NonFed;0,004053901;0;0;0
8-2-1;0;0;7.83% - 7.85% - 7.90%;3;1024;3;0,659050316;0,662345126;0,655317375;0,269170083;0,26942016;0,26578085;0,164113719;0,168630081;0,141561128;0,071363465;0,070944144;0,069901116;Model 3;NonFed;0;-0,000250077;0;0
8-2-1;0;0;7.83% - 7.85% - 7.90%;3;512;1;0,773416418;0,751865608;0,756791772;0,235191208;0,247210647;0,240868716;0,25392014;0,232245022;0,225241741;0,064678029;0,067658157;0,066005383;Model 1;NonFed;0,02155081;-0,012019439;0,021675118;-0,002980128
8-2-1;0;0;7.83% - 7.85% - 7.90%;3;512;2;0,755659875;0,745647707;0,73857561;0,244447091;0,243174776;0,248218106;0,231296079;0,224199389;0,199271632;0,066916844;0,065906849;0,067297596;Model 2;NonFed;0,010012168;0;0,00709669;0
8-2-1;0;0;7.83% - 7.85% - 7.90%;3;512;3;0,736884969;0,727441937;0,71644799;0,25044357;0,253470994;0,2533053;0,224843592;0,20869706;0,181448493;0,068289212;0,068681141;0,068294752;Model 3;NonFed;0,009443033;-0,003027423;0,016146532;-0,000391928
8-2-1;0;0;7.83% - 7.85% - 7.90%;3;256;1;0,787120437;0,755904451;0,758656204;0,230986369;0,245667397;0,24012327;0,274430871;0,239174111;0,228936526;0,063794632;0,067333567;0,06583681;Model 1;NonFed;0,031215987;-0,014681027;0,035256759;-0,003538934
8-2-1;0;0;7.83% - 7.85% - 7.90%;3;256;2;0,781942236;0,759190082;0,7452949;0,235479988;0,239351729;0,245869075;0,271151204;0,235529677;0,208222703;0,06504077;0,065147559;0,066821015;Model 2;NonFed;0,022752154;-0,00387174;0,035621528;-0,000106789
8-2-1;0;0;7.83% - 7.85% - 7.90%;3;256;3;0,777908373;0,74507673;0,733670559;0,238279092;0,248827752;0,248198256;0,279094202;0,222361004;0,193331187;0,065908253;0,067873701;0,067417629;Model 3;NonFed;0,032831643;-0,01054866;0,056733199;-0,001965447
8-2-1;0;0;7.83% - 7.85% - 7.90%;3;128;1;0,799225274;0,760422622;0,760893206;0,230916185;0,24813525;0,243311761;0,290725221;0,236442334;0,232863128;0,063605519;0,068314299;0,066876072;Model 1;NonFed;0,038802652;-0,017219065;0,054282887;-0,00470878
8-2-1;0;0;7.83% - 7.85% - 7.90%;3;128;2;0,807074798;0,763389305;0,750112903;0,228943501;0,240703729;0,246487396;0,314452162;0,236968743;0,213255451;0,063397703;0,065808745;0,067413607;Model 2;NonFed;0,043685492;-0,011760228;0,077483419;-0,002411042
8-2-1;0;0;7.83% - 7.85% - 7.90%;3;128;3;0,815487109;0,754442199;0,74143047;0,225735241;0,248604465;0,248700975;0,353775721;0,224432127;0,202873572;0,06256512;0,068520069;0,068149101;Model 3;NonFed;0,06104491;-0,022869224;0,129343594;-0,005954949
8-2-1;0;0;7.83% - 7.85% - 7.90%;3;64;1;0,807409908;0,758559476;0,757002192;0,234224145;0,252812089;0,248756478;0,305203852;0,238665225;0,236501688;0,063903846;0,069332863;0,067876679;Model 1;NonFed;0,048850432;-0,018587944;0,066538627;-0,005429018
8-2-1;0;0;7.83% - 7.85% - 7.90%;3;64;2;0,828894542;0,767405693;0,752953277;0,220197104;0,238548544;0,244883874;0,358789562;0,239185707;0,213165892;0,061365602;0,065511246;0,067208455;Model 2;NonFed;0,061488849;-0,018351439;0,119603855;-0,004145644
8-2-1;0;0;7.83% - 7.85% - 7.90%;3;64;3;0,85094407;0,757663296;0,741987867;0,211855959;0,249437587;0,249732776;0,441689169;0,219018861;0,204276047;0,058678932;0,069128091;0,068625321;Model 3;NonFed;0,093280774;-0,037581627;0,222670308;-0,010449159
8-2-1;0;0;7.83% - 7.85% - 7.90%;3;32;1;0,81414566;0,759722288;0,762602282;0,220881855;0,246260388;0,24080648;0,318834579;0,247461305;0,232706804;0,061522487;0,067290722;0,066082089;Model 1;NonFed;0,054423372;-0,025378533;0,071373275;-0,005768235
8-2-1;0;0;7.83% - 7.85% - 7.90%;3;32;2;0,853498194;0,759958651;0,738091083;0,209015985;0,239348955;0,247808136;0,41214099;0,230632259;0,206997895;0,059125082;0,065327222;0,067099935;Model 2;NonFed;0,093539543;-0,03033297;0,181508731;-0,00620214
8-2-1;0;0;7.83% - 7.85% - 7.90%;3;32;3;0,880531458;0,744950767;0,739848025;0,200869748;0,256454315;0,253101615;0,506638949;0,210916233;0,201395542;0,055382187;0,070786152;0,069960654;Model 3;NonFed;0,135580691;-0,055584567;0,295722717;-0,015403965
8-2-1;0;0;7.83% - 7.85% - 7.90%;3;16;1;0,81580953;0,76196622;0,756145436;0,222450142;0,244325393;0,240812923;0,309846984;0,247325138;0,227176568;0,062262204;0,067033369;0,065942827;Model 1;NonFed;0,053843311;-0,021875251;0,062521846;-0,004771164
8-2-1;0;0;7.83% - 7.85% - 7.90%;3;16;2;0,854213922;0,757454067;0,745049611;0,208035945;0,244100139;0,252602121;0,397566717;0,235391701;0,204880499;0,059205637;0,065402822;0,067701858;Model 2;NonFed;0,096759855;-0,036064194;0,162175016;-0,006197184
8-2-1;0;0;7.83% - 7.85% - 7.90%;3;16;3;0,889758786;0,749128311;0,739628547;0,195512442;0,268258476;0,266468546;0,524011921;0,215233186;0,201597891;0,056457758;0,069114913;0,068231174;Model 3;NonFed;0,140630476;-0,072746033;0,308778735;-0,012657155
8-2-1;0;0;7.83% - 7.85% - 7.90%;1;1024;1;0,727880492;0,718397625;0,727399626;0,248867698;0,257159054;0,249997967;0,199864695;0,199303771;0,195006757;0,06715407;0,069301443;0,067466715;Model 1;NonFed;0,009482867;-0,008291356;0,000560924;-0,002147373
8-2-1;0;0;7.83% - 7.85% - 7.90%;1;1024;2;0,615151598;0,618668101;0,625707891;0,293456747;0,289162737;0,290030869;0,123485401;0,128033866;0,126632418;0,077283363;0,07572888;0,07594738;Model 2;NonFed;0;0;0;0
8-2-1;0;0;7.83% - 7.85% - 7.90%;1;1024;3;0,492600449;0,500818423;0,494855059;0,361014076;0,359435635;0,350248122;0,081917137;0,082999789;0,077501161;0,077158957;0,076694279;0,075015564;Model 3;NonFed;0;0;0;0
8-2-1;0;0;7.83% - 7.85% - 7.90%;1;512;1;0,750013737;0,737220553;0,745196158;0,242939503;0,251915747;0,245243352;0,221979205;0,215908627;0,212755892;0,066193838;0,068521243;0,066720671;Model 1;NonFed;0,012793184;-0,008976244;0,006070578;-0,002327405
8-2-1;0;0;7.83% - 7.85% - 7.90%;1;512;2;0,688775914;0,688619061;0,691418853;0,262836305;0,257841142;0,260553325;0,171112161;0,180090148;0,165275236;0,070238396;0,068546904;0,069270311;Model 2;NonFed;0,000156853;0;0;0
8-2-1;0;0;7.83% - 7.85% - 7.90%;1;512;3;0,624762246;0,631696464;0,627023333;0,285085102;0,285028432;0,281364965;0,143087734;0,146952333;0,125633797;0,075289168;0,074878232;0,073831192;Model 3;NonFed;0;0;0;0
8-2-1;0;0;7.83% - 7.85% - 7.90%;1;256;1;0,765841272;0,748549688;0,754837935;0,242326792;0,252006729;0,246130625;0,239372068;0,226232816;0,221369082;0,0662751;0,068918863;0,067226836;Model 1;NonFed;0,017291584;-0,009679937;0,013139253;-0,002643763
8-2-1;0;0;7.83% - 7.85% - 7.90%;1;256;2;0,737934953;0,730796295;0,728181526;0,250129779;0,247011822;0,25099667;0,208909846;0,211694654;0,191676371;0,068035435;0,066608723;0,067747882;Model 2;NonFed;0,007138658;0;0;0
8-2-1;0;0;7.83% - 7.85% - 7.90%;1;256;3;0,696585276;0,695074854;0,688098761;0,261936878;0,262883116;0,260479348;0,187322562;0,186095936;0,159226518;0,07043141;0,070212654;0,069401433;Model 3;NonFed;0,001510422;-0,000946238;0,001226627;0
8-2-1;0;0;7.83% - 7.85% - 7.90%;1;128;1;0,774391253;0,753382622;0,759016396;0,2392004;0,250024984;0,244278991;0,250785625;0,229512887;0,221692842;0,065519624;0,068482533;0,066935233;Model 1;NonFed;0,021008631;-0,010824585;0,021272737;-0,002962909
8-2-1;0;0;7.83% - 7.85% - 7.90%;1;128;2;0,763811073;0,75173128;0,741806608;0,242787457;0,242796623;0,248179597;0,237587689;0,223074835;0,200709552;0,06670965;0,066016303;0,067520005;Model 2;NonFed;0,012079793;-9,16596E-06;0,014512854;0
8-2-1;0;0;7.83% - 7.85% - 7.90%;1;128;3;0,751334531;0,734187982;0,723956036;0,247350566;0,252222588;0,251076836;0,242848713;0,214275301;0,184733256;0,067701799;0,068417405;0,067896114;Model 3;NonFed;0,017146549;-0,004872023;0,028573412;-0,000715606
8-2-1;0;0;7.83% - 7.85% - 7.90%;1;64;1;0,779004069;0,757468854;0,762841428;0,238305768;0,248938481;0,243058912;0,253819728;0,233789673;0,230464442;0,065320843;0,068214256;0,066578732;Model 1;NonFed;0,021535215;-0,010632713;0,020030055;-0,002893412
8-2-1;0;0;7.83% - 7.85% - 7.90%;1;64;2;0,779758024;0,760878669;0,747649505;0,236678034;0,239645172;0,245730514;0,262277338;0,233412145;0,208573857;0,065369699;0,06534642;0,066921691;Model 2;NonFed;0,018879356;-0,002967138;0,028865193;0
8-2-1;0;0;7.83% - 7.85% - 7.90%;1;64;3;0,788198289;0,750927636;0,735867699;0,23780497;0,247953666;0,24796168;0,291711188;0,227948366;0,198937892;0,065670024;0,067787708;0,067428102;Model 3;NonFed;0,037270653;-0,010148695;0,063762821;-0,002117684
8-2-1;0;0;7.83% - 7.85% - 7.90%;1;32;1;0,780065963;0,759179656;0,763369075;0,234539414;0,245927426;0,239778103;0,255772406;0,233278752;0,230346633;0,064643391;0,067572107;0,065915073;Model 1;NonFed;0,020886307;-0,011388012;0,022493655;-0,002928717
8-2-1;0;0;7.83% - 7.85% - 7.90%;1;32;2;0,789979459;0,755924495;0,745654254;0,241542426;0,247522773;0,251533542;0,274470424;0,219652961;0,207072241;0,065916833;0,067105381;0,068321273;Model 2;NonFed;0,034054965;-0,005980347;0,054817462;-0,001188548
8-2-1;0;0;7.83% - 7.85% - 7.90%;1;32;3;0,800615159;0,746596994;0,735000799;0,231371063;0,247834604;0,247505986;0,302650712;0,227978182;0,199908959;0,064579249;0,067651167;0,067329655;Model 3;NonFed;0,054018165;-0,016463541;0,07467253;-0,003071918
8-2-1;0;0;7.83% - 7.85% - 7.90%;1;16;1;0,783404854;0,763794844;0,765011269;0,233801899;0,246083449;0,240205036;0,260729789;0,245050478;0,235714685;0,064354325;0,067152504;0,065657236;Model 1;NonFed;0,01961001;-0,012281549;0,015679311;-0,002798179
8-2-1;0;0;7.83% - 7.85% - 7.90%;1;16;2;0,79048098;0,753179271;0,742764991;0,241121187;0,246565106;0,249635154;0,275291556;0,216024765;0,209748145;0,065746943;0,066576557;0,067479328;Model 2;NonFed;0,03730171;-0,005443919;0,059266791;-0,000829614
8-2-1;0;0;7.83% - 7.85% - 7.90%;1;16;3;0,803823082;0,754488095;0,74000971;0,238298396;0,251640159;0,251531495;0,327824413;0,222923206;0,206519483;0,065417076;0,068733121;0,068417191;Model 3;NonFed;0,049334987;-0,013341763;0,104901207;-0,003316045
8-2-1;1;0;7.83% - 7.85% - 7.90%;10;1024;1;0,779244908;0,75622052;0,760561864;0,233361746;0,246135369;0,239942043;0,262086746;0,236759344;0,230454736;0,064286832;0,067471529;0,065852112;Model 1;Fed;0,023024389;-0,012773623;0,025327402;-0,003184697
8-2-1;1;0;7.83% - 7.85% - 7.90%;10;1024;2;0,759300867;0,772337731;0,758905463;0,242846024;0,234379847;0,240453618;0,234990177;0,253969701;0,2284193;0,066666289;0,064319385;0,065955998;Model 2;Fed;0;0;0;0
8-2-1;1;0;7.83% - 7.85% - 7.90%;10;1024;3;0,762271448;0,768522563;0,759217324;0,243524415;0,241188701;0,240480823;0,24884966;0,246426991;0,226119371;0,066991216;0,066637246;0,066017284;Model 3;Fed;0;0;0,002422669;0
8-2-1;1;0;7.83% - 7.85% - 7.90%;10;512;1;0,796153393;0,759873743;0,76141741;0,227562886;0,244884534;0,239556291;0,291043854;0,241408624;0,230712319;0,062986896;0,067211924;0,065779454;Model 1;Fed;0,03627965;-0,017321648;0,04963523;-0,004225027
8-2-1;1;0;7.83% - 7.85% - 7.90%;10;512;2;0,765349591;0,77572005;0,7614247;0,240834381;0,233232154;0,239619987;0,243780225;0,258071443;0,229558016;0,066221565;0,064081182;0,06581855;Model 2;Fed;0;0;0;0
8-2-1;1;0;7.83% - 7.85% - 7.90%;10;512;3;0,767602649;0,767655899;0,760385475;0,241634171;0,241189525;0,239881382;0,257977969;0,247432117;0,229520457;0,066588144;0,066492791;0,065840099;Model 3;Fed;0;0;0,010545852;0
8-2-1;1;0;7.83% - 7.85% - 7.90%;10;256;1;0,82020564;0,759092834;0,760362612;0,219053452;0,245496259;0,240085795;0,332528506;0,23909621;0,231143822;0,061037162;0,067375808;0,065893693;Model 1;Fed;0,061112806;-0,026442807;0,093432296;-0,006338645
8-2-1;1;0;7.83% - 7.85% - 7.90%;10;256;2;0,772826403;0,774260819;0,760594344;0,238687612;0,234085689;0,240110083;0,252051418;0,251698209;0,230186354;0,065813864;0,064311928;0,065934303;Model 2;Fed;0;0;0,000353209;0
8-2-1;1;0;7.83% - 7.85% - 7.90%;10;256;3;0,770681356;0,764433127;0,759537405;0,240902002;0,242724836;0,240369694;0,261983173;0,244652722;0,230641144;0,066459562;0,066709124;0,065956236;Model 3;Fed;0,006248228;-0,001822834;0,017330451;-0,000249562
8-2-1;1;0;7.83% - 7.85% - 7.90%;10;128;1;0,85525719;0,75480075;0,754964783;0,204502262;0,248603809;0,243456799;0,413808866;0,23546994;0,22322759;0,057194866;0,068150255;0,066930612;Model 1;Fed;0,10045644;-0,044101547;0,178338926;-0,010955389
8-2-1;1;0;7.83% - 7.85% - 7.90%;10;128;2;0,780816277;0,769031115;0,753518088;0,237240739;0,237300095;0,244085251;0,263303944;0,243427149;0,223911038;0,065462809;0,065157974;0,067027255;Model 2;Fed;0,011785162;-5,93556E-05;0,019876795;0
8-2-1;1;0;7.83% - 7.85% - 7.90%;10;128;3;0,770875762;0,766450375;0,753263928;0,242230769;0,243332442;0,244282959;0,258734094;0,256082472;0,222469121;0,066947823;0,066792481;0,067086514;Model 3;Fed;0,004425387;-0,001101673;0,002651622;0
8-2-1;1;0;7.83% - 7.85% - 7.90%;10;64;1;0,889895454;0,747077799;0,743942138;0,186857645;0,253804426;0,248976433;0,500946567;0,228014522;0,216528212;0,052991957;0,068904154;0,0676134;Model 1;Fed;0,142817655;-0,06694678;0,272932045;-0,015912197
8-2-1;1;0;7.83% - 7.85% - 7.90%;10;64;2;0,782929695;0,762855842;0,74125889;0,237292502;0,241293525;0,250282955;0,268523186;0,239681363;0,215459769;0,065393474;0,065524266;0,06777057;Model 2;Fed;0,020073853;-0,004001023;0,028841823;-0,000130792
8-2-1;1;0;7.83% - 7.85% - 7.90%;10;64;3;0,77105476;0,760528615;0,742078171;0,243856169;0,247643997;0,249970256;0,256357713;0,250102781;0,216091993;0,067100349;0,067408385;0,067741879;Model 3;Fed;0,010526145;-0,003787827;0,006254932;-0,000308036
8-2-1;1;0;7.83% - 7.85% - 7.90%;10;32;1;0,915636571;0,73766078;0,730356516;0,181422207;0,258112069;0,25513256;0,556982741;0,216651437;0,19928666;0,050317226;0,070762256;0,06985888;Model 1;Fed;0,177975792;-0,076689862;0,340331304;-0,02044503
8-2-1;1;0;7.83% - 7.85% - 7.90%;10;32;2;0,779079323;0,745313249;0,729843232;0,239980328;0,250052303;0,255952686;0,267313692;0,215092523;0,199586923;0,066597889;0,068266672;0,070032172;Model 2;Fed;0,033766074;-0,010071975;0,052221169;-0,001668783
8-2-1;1;0;7.83% - 7.85% - 7.90%;10;32;3;0,760251776;0,737283786;0,730248623;0,249584142;0,257054423;0,255430176;0,245670953;0,226452154;0,199843327;0,069187878;0,070147313;0,069948801;Model 3;Fed;0,02296799;-0,007470281;0,019218799;-0,000959435
8-2-1;1;0;7.83% - 7.85% - 7.90%;10;16;1;0,908435208;0,746267295;0,739381894;0,182279143;0,255026239;0,251477683;0,509233137;0,233219632;0,214200359;0,052439373;0,068734581;0,067932571;Model 1;Fed;0,162167914;-0,072747096;0,276013504;-0,016295208
8-2-1;1;0;7.83% - 7.85% - 7.90%;10;16;2;0,786631672;0,753839107;0,738974238;0,236421148;0,246251092;0,251703406;0,270504237;0,229211089;0,214721857;0,065468292;0,066412681;0,06795307;Model 2;Fed;0,032792565;-0,009829944;0,041293148;-0,000944389
8-2-1;1;0;7.83% - 7.85% - 7.90%;10;16;3;0,767548885;0,745882423;0,73935385;0,247126354;0,255083915;0,251694472;0,241308398;0,228223254;0,214280087;0,067991128;0,068909224;0,067962807;Model 3;Fed;0,021666462;-0,007957562;0,013085144;-0,000918096
8-2-1;1;0;7.83% - 7.85% - 7.90%;5;1024;1;0,765197151;0,748762664;0,753639538;0,237831202;0,248462076;0,241917861;0,241347225;0,228672685;0,221528772;0,065201991;0,06781145;0,066182642;Model 1;Fed;0,016434486;-0,010630875;0,012674541;-0,002609459
8-2-1;1;0;7.83% - 7.85% - 7.90%;5;1024;2;0,751290209;0,764126876;0,752132041;0,245477762;0,236779802;0,242432088;0,222303292;0,242688537;0,221751212;0,067177033;0,064823657;0,066225592;Model 2;Fed;0;0;0;0
8-2-1;1;0;7.83% - 7.85% - 7.90%;5;1024;3;0,754823158;0,767116872;0,753602281;0,245842203;0,241381381;0,242099102;0,236551039;0,248391189;0,219897383;0,06746431;0,066613984;0,066256901;Model 3;Fed;0;0;0;0
8-2-1;1;0;7.83% - 7.85% - 7.90%;5;512;1;0,778440271;0,755466369;0,75948867;0,233536502;0,246161076;0,24013287;0,261759628;0,237223499;0,227946133;0,064312149;0,06741817;0,065887986;Model 1;Fed;0,022973901;-0,012624574;0,024536128;-0,003106021
8-2-1;1;0;7.83% - 7.85% - 7.90%;5;512;2;0,758625627;0,771705565;0,757992589;0,242998605;0,234590535;0,240601623;0,233189125;0,251439167;0,226325328;0,066694892;0,064417571;0,06597698;Model 2;Fed;0;0;0;0
8-2-1;1;0;7.83% - 7.85% - 7.90%;5;512;3;0,76186453;0,77016276;0,758640011;0,243494888;0,240334645;0,240413974;0,247456299;0,251047115;0,227305818;0,066994825;0,066376086;0,065941244;Model 3;Fed;0;0;0;0
8-2-1;1;0;7.83% - 7.85% - 7.90%;5;256;1;0,79321228;0,759718203;0,762307359;0,228696158;0,244909743;0,239375711;0,284394447;0,243963891;0,231852465;0,063309293;0,067139269;0,06572825;Model 1;Fed;0,033494077;-0,016213586;0,040430555;-0,003829976
8-2-1;1;0;7.83% - 7.85% - 7.90%;5;256;2;0,765127724;0,775622212;0,761336971;0,24114782;0,233404561;0,23967175;0,241179592;0,253772272;0,230466171;0,066316075;0,064162457;0,065793474;Model 2;Fed;0;0;0;0
8-2-1;1;0;7.83% - 7.85% - 7.90%;5;256;3;0,76791604;0,772159405;0,761050455;0,241760657;0,239916715;0,239733936;0,25395333;0,252848964;0,230655685;0,066636327;0,066240894;0,065791472;Model 3;Fed;0;0;0,001104366;0
8-2-1;1;0;7.83% - 7.85% - 7.90%;5;128;1;0,808483783;0,761784284;0,761168462;0,223268868;0,244272136;0,239630779;0,313502175;0,246168246;0,234884937;0,061969291;0,067071065;0,065801205;Model 1;Fed;0,0466995;-0,021003268;0,067333929;-0,005101774
8-2-1;1;0;7.83% - 7.85% - 7.90%;5;128;2;0,77133359;0,774059738;0,760619347;0,23910049;0,234070699;0,239745817;0,249473824;0,25293678;0,234985551;0,065931009;0,064277246;0,065803145;Model 2;Fed;0;0;0;0
8-2-1;1;0;7.83% - 7.85% - 7.90%;5;128;3;0,770392411;0,772570794;0,760068558;0,241229646;0,239183674;0,239980323;0,25742533;0,266031818;0,233829634;0,066613159;0,065832052;0,065878728;Model 3;Fed;0;0;0;0
8-2-1;1;0;7.83% - 7.85% - 7.90%;5;64;1;0,824666543;0,762580045;0,758649348;0,217987286;0,243844492;0,240113924;0,341312294;0,249643353;0,232499428;0,060817282;0,066934965;0,065860889;Model 1;Fed;0,062086498;-0,025857206;0,091668941;-0,006117683
8-2-1;1;0;7.83% - 7.85% - 7.90%;5;64;2;0,774435296;0,773785981;0,75859354;0,238049019;0,234314109;0,240090377;0,256027157;0,2458143;0,234137695;0,065645074;0,064405573;0,065834522;Model 2;Fed;0,000649315;0;0,010212857;0
8-2-1;1;0;7.83% - 7.85% - 7.90%;5;64;3;0,771140965;0,769741991;0,75819119;0,240750906;0,240022728;0,240238228;0,260969635;0,264019524;0,233056212;0,066486271;0,066000217;0,065889709;Model 3;Fed;0,001398974;0;0;0
8-2-1;1;0;7.83% - 7.85% - 7.90%;5;32;1;0,836745077;0,7621114;0,762127124;0,216005293;0,245169979;0,240470481;0,355168724;0,247138242;0,232845509;0,060103055;0,067404953;0,066189255;Model 1;Fed;0,074633677;-0,029164686;0,108030481;-0,007301899
8-2-1;1;0;7.83% - 7.85% - 7.90%;5;32;2;0,776317782;0,777965144;0,761911523;0,238337656;0,234881114;0,240825363;0,263898014;0,250234831;0,229234143;0,065637175;0,064655608;0,066340674;Model 2;Fed;0;0;0,013663183;0
8-2-1;1;0;7.83% - 7.85% - 7.90%;5;32;3;0,773950548;0,762703484;0,761093017;0,240888945;0,244842811;0,240917204;0,267624263;0,245748115;0,2305334;0,066492729;0,067321831;0,066314222;Model 3;Fed;0,011247064;-0,003953867;0,021876148;-0,000829101
8-2-1;1;0;7.83% - 7.85% - 7.90%;5;16;1;0,83299665;0,763169555;0,7633929;0,215282574;0,244319057;0,239471206;0,340731853;0,250572105;0,23346864;0,060577082;0,066990532;0,065805867;Model 1;Fed;0,069827095;-0,029036483;0,090159747;-0,00641345
8-2-1;1;0;7.83% - 7.85% - 7.90%;5;16;2;0,781360996;0,773910192;0,762533073;0,23626071;0,235243384;0,239756504;0,264948543;0,247535433;0,233681925;0,065341746;0,064543992;0,065855845;Model 2;Fed;0,007450804;0;0,017413111;0
8-2-1;1;0;7.83% - 7.85% - 7.90%;5;16;3;0,772651767;0,7679095;0,762516166;0,241224275;0,241616878;0,239904288;0,259273219;0,25827007;0,231664458;0,066571479;0,066521969;0,06594224;Model 3;Fed;0,004742267;-0,000392603;0,001003149;0
8-2-1;1;0;7.83% - 7.85% - 7.90%;3;1024;1;0,753904804;0,740369162;0,747477118;0,241343346;0,250906216;0,244058108;0,226755869;0,220546097;0,215594403;0,065865375;0,068220531;0,066493473;Model 1;Fed;0,013535642;-0,00956287;0,006209772;-0,002355156
8-2-1;1;0;7.83% - 7.85% - 7.90%;3;1024;2;0,741744651;0,756315934;0,746263861;0,248538875;0,239783531;0,244769272;0,209896498;0,231161546;0,214522457;0,067778038;0,065280406;0,066544178;Model 2;Fed;0;0;0;0
8-2-1;1;0;7.83% - 7.85% - 7.90%;3;1024;3;0,746663198;0,760252569;0,748906161;0,248418185;0,243599993;0,24348666;0,22345336;0,238615744;0,214540138;0,06801008;0,067083279;0,066507509;Model 3;Fed;0;0;0;0
8-2-1;1;0;7.83% - 7.85% - 7.90%;3;512;1;0,767996347;0,750773112;0,755439414;0,23698665;0,247737618;0,241421584;0,24566212;0,230457189;0,224555604;0,065051976;0,067761532;0,066140258;Model 1;Fed;0,017223235;-0,010750968;0,015204932;-0,002709556
8-2-1;1;0;7.83% - 7.85% - 7.90%;3;512;2;0,752922951;0,764845035;0,754303835;0,24484738;0,236728275;0,241779914;0,22571214;0,243586462;0,221809404;0,067089232;0,064814211;0,066210889;Model 2;Fed;0;0;0;0
8-2-1;1;0;7.83% - 7.85% - 7.90%;3;512;3;0,757330164;0,768223402;0,754732524;0,245117536;0,241178032;0,241699384;0,238623227;0,246453104;0,222433812;0,067388124;0,06662144;0,066217494;Model 3;Fed;0;0;0;0
8-2-1;1;0;7.83% - 7.85% - 7.90%;3;256;1;0,780414498;0,756872;0,759606708;0,232945458;0,245867884;0,240076119;0,26355514;0,238207432;0,229531509;0,064216566;0,067367052;0,065840768;Model 1;Fed;0,023542498;-0,012922426;0,025347708;-0,003150485
8-2-1;1;0;7.83% - 7.85% - 7.90%;3;256;2;0,759721233;0,771638725;0,758430677;0,242664603;0,234588387;0,240390852;0,236388631;0,251055949;0,227658124;0,066569708;0,064374884;0,065881183;Model 2;Fed;0;0;0;0
8-2-1;1;0;7.83% - 7.85% - 7.90%;3;256;3;0,765148457;0,770006647;0,758804612;0,242783007;0,240592043;0,240393921;0,248713743;0,250259938;0,227758486;0,066859216;0,066438304;0,065904747;Model 3;Fed;0;0;0;0
8-2-1;1;0;7.83% - 7.85% - 7.90%;3;128;1;0,792794344;0,761645674;0,763632139;0,229159586;0,24433312;0,238989726;0,282927541;0,243392334;0,234813814;0,063384451;0,067134797;0,065731538;Model 1;Fed;0,03114867;-0,015173533;0,039535207;-0,003750346
8-2-1;1;0;7.83% - 7.85% - 7.90%;3;128;2;0,766121818;0,776370375;0,7621592;0,24062086;0,233462711;0,239488546;0,244479862;0,253519816;0,231988911;0,066189151;0,06421467;0,065839912;Model 2;Fed;0;0;0;0
8-2-1;1;0;7.83% - 7.85% - 7.90%;3;128;3;0,769091792;0,7715249;0,762524387;0,24138714;0,23981873;0,239445083;0,259107062;0,261597444;0,231528953;0,066578127;0,066210005;0,065858253;Model 3;Fed;0;0;0;0
8-2-1;1;0;7.83% - 7.85% - 7.90%;3;64;1;0,800798235;0,764426394;0,763662913;0,227769151;0,243806043;0,2395267;0,293335507;0,248608301;0,234891449;0,062973834;0,067062452;0,065814029;Model 1;Fed;0,036371842;-0,016036892;0,044727206;-0,004088618
8-2-1;1;0;7.83% - 7.85% - 7.90%;3;64;2;0,771079476;0,779593852;0,762644068;0,239692461;0,233470952;0,239793014;0,24916376;0,257025505;0,233049766;0,066028927;0,064210429;0,06588499;Model 2;Fed;0;0;0;0
8-2-1;1;0;7.83% - 7.85% - 7.90%;3;64;3;0,771658627;0,771700779;0,762715728;0,241185649;0,24035115;0,239839194;0,26230469;0,259256126;0,23213505;0,066586601;0,066334463;0,065926682;Model 3;Fed;0;0;0,003048564;0
8-2-1;1;0;7.83% - 7.85% - 7.90%;3;32;1;0,809077081;0,766471749;0,766075094;0,224903376;0,242458898;0,238446292;0,303016443;0,252766298;0,236867042;0,062343284;0,066698836;0,065584657;Model 1;Fed;0,042605332;-0,017555523;0,050250145;-0,004355552
8-2-1;1;0;7.83% - 7.85% - 7.90%;3;32;2;0,776136085;0,781948371;0,765908694;0,237414249;0,232142498;0,238456827;0,260685011;0,261352732;0,236695463;0,065430562;0,063867775;0,065593668;Model 2;Fed;0;0;0;0
8-2-1;1;0;7.83% - 7.85% - 7.90%;3;32;3;0,773605909;0,770750698;0,764867297;0,239950295;0,239655558;0,238703015;0,26607184;0,264574088;0,235644217;0,066215865;0,065934774;0,065638151;Model 3;Fed;0,002855211;0;0,001497752;0
8-2-1;1;0;7.83% - 7.85% - 7.90%;3;16;1;0,810781319;0,768503638;0,763736899;0,223726099;0,241828734;0,238693332;0,301463362;0,255996305;0,236402882;0,062498058;0,066547915;0,065580243;Model 1;Fed;0,042277681;-0,018102634;0,045467057;-0,004049858
8-2-1;1;0;7.83% - 7.85% - 7.90%;3;16;2;0,77727786;0,777867219;0,763790039;0,237100619;0,232652106;0,23865257;0,262983038;0,259617229;0,237044909;0,06540381;0,063947005;0,065568762;Model 2;Fed;0;0;0,003365809;0
8-2-1;1;0;7.83% - 7.85% - 7.90%;3;16;3;0,776738349;0,77015539;0,763437726;0,239283203;0,240146181;0,238825439;0,264232129;0,263939502;0,235437324;0,066179355;0,066137282;0,065622384;Model 3;Fed;0,006582959;-0,000862978;0,000292628;0
8-2-1;1;0;7.83% - 7.85% - 7.90%;1;1024;1;0,708947519;0,70121885;0,711727053;0,253490624;0,261181101;0,253747165;0,184958489;0,184800675;0,182396777;0,067930413;0,07004089;0,068052236;Model 1;Fed;0,007728669;-0,007690477;0,000157814;-0,002110477
8-2-1;1;0;7.83% - 7.85% - 7.90%;1;1024;2;0,699705013;0,710997238;0,710480014;0,258611053;0,25078294;0,254115369;0,177814146;0,19607756;0,182514668;0,069445163;0,067267424;0,068070365;Model 2;Fed;0;0;0;0
8-2-1;1;0;7.83% - 7.85% - 7.90%;1;1024;3;0,702135544;0,71976792;0,710883605;0,2595387;0,254734191;0,253197744;0,18734705;0,209098207;0,181609626;0,069907149;0,068832234;0,068058119;Model 3;Fed;0;0;0;0
8-2-1;1;0;7.83% - 7.85% - 7.90%;1;512;1;0,738518186;0,727136723;0,737258399;0,247011182;0,255103486;0,248330062;0,211347353;0,206200456;0,202779799;0,066854245;0,069078693;0,067254881;Model 1;Fed;0,011381463;-0,008092304;0,005146898;-0,002224448
8-2-1;1;0;7.83% - 7.85% - 7.90%;1;512;2;0,727318336;0,742640183;0,736691944;0,252561402;0,244651844;0,24861204;0,19915297;0,218370805;0,203343508;0,068516273;0,066199671;0,067234713;Model 2;Fed;0;0;0;0
8-2-1;1;0;7.83% - 7.85% - 7.90%;1;512;3;0,731696403;0,748999668;0,737126899;0,252818546;0,247820994;0,247757364;0,211175599;0,231443168;0,202710005;0,068812575;0,067723489;0,06724332;Model 3;Fed;0;0;0;0
8-2-1;1;0;7.83% - 7.85% - 7.90%;1;256;1;0,757704069;0,743141083;0,751714985;0,243700841;0,252543873;0,246328373;0,231216766;0,220276899;0,215181329;0,066360824;0,068812801;0,067089963;Model 1;Fed;0,014562986;-0,008843032;0,010939867;-0,002451977
8-2-1;1;0;7.83% - 7.85% - 7.90%;1;256;2;0,745455568;0,760502318;0,751178652;0,249672233;0,242134261;0,246710189;0,215488712;0,23546842;0,215008779;0,068145006;0,065751341;0,067087695;Model 2;Fed;0;0;0;0
8-2-1;1;0;7.83% - 7.85% - 7.90%;1;256;3;0,750157369;0,762665293;0,751493181;0,24978115;0,245914873;0,245953057;0,227743651;0,237483475;0,213962322;0,068389016;0,067591416;0,067110462;Model 3;Fed;0;0;0;0
8-2-1;1;0;7.83% - 7.85% - 7.90%;1;128;1;0,76929253;0,751311555;0,758348717;0,240291308;0,25016156;0,243996497;0,24422598;0,228209834;0,222554521;0,065732597;0,068412934;0,066791656;Model 1;Fed;0,017980974;-0,009870253;0,016016146;-0,002680337
8-2-1;1;0;7.83% - 7.85% - 7.90%;1;128;2;0,755579185;0,766768382;0,756954201;0,246689475;0,239701178;0,244206174;0,226434567;0,243594425;0,222270626;0,067614973;0,065403925;0,066779065;Model 2;Fed;0;0;0;0
8-2-1;1;0;7.83% - 7.85% - 7.90%;1;128;3;0,759439533;0,76669627;0,756853846;0,247071795;0,244517775;0,244047542;0,239816183;0,244714621;0,22121249;0,067868522;0,06731931;0,066817745;Model 3;Fed;0;0;0;0
8-2-1;1;0;7.83% - 7.85% - 7.90%;1;64;1;0,775802759;0,756779374;0,763543789;0,239096984;0,249109269;0,242866501;0,249415807;0,233153044;0,229545842;0,065540538;0,06823249;0,066585304;Model 1;Fed;0,019023385;-0,010012285;0,016262762;-0,002691952
8-2-1;1;0;7.83% - 7.85% - 7.90%;1;64;2;0,762301488;0,77361698;0,762771816;0,245340652;0,238161419;0,242887827;0,233732112;0,255213847;0,230086969;0,067317127;0,065060546;0,06656442;Model 2;Fed;0;0;0;0
8-2-1;1;0;7.83% - 7.85% - 7.90%;1;64;3;0,765697121;0,768687052;0,761778875;0,246013921;0,244407049;0,243069332;0,243097912;0,248044723;0,229558834;0,067750651;0,067317663;0,066625432;Model 3;Fed;0;0;0;0
8-2-1;1;0;7.83% - 7.85% - 7.90%;1;32;1;0,778254343;0,75970224;0,763792242;0,237023765;0,247087279;0,241388401;0,253842176;0,235248755;0,231757632;0,065089062;0,06780469;0,06620897;Model 1;Fed;0,018552102;-0,010063514;0,018593421;-0,002715628
8-2-1;1;0;7.83% - 7.85% - 7.90%;1;32;2;0,765801777;0,773166958;0,763881367;0,243213505;0,237056038;0,241310034;0,238047991;0,250733605;0,232448491;0,066809378;0,064851153;0,066175676;Model 2;Fed;0;0;0;0
8-2-1;1;0;7.83% - 7.85% - 7.90%;1;32;3;0,768603264;0,770713177;0,76284695;0,243992899;0,242872236;0,241486642;0,250207066;0,242461379;0,230551548;0,067314777;0,067024273;0,066255563;Model 3;Fed;0;0;0,007745687;0
8-2-1;1;0;7.83% - 7.85% - 7.90%;1;16;1;0,781260829;0,763155268;0,764683277;0,235631479;0,245345031;0,240148557;0,258291854;0,242216346;0,236400654;0,06480883;0,067402028;0,06587351;Model 1;Fed;0,018105561;-0,009713552;0,016075508;-0,002593199
8-2-1;1;0;7.83% - 7.85% - 7.90%;1;16;2;0,767666738;0,774486154;0,764597533;0,242070379;0,236061026;0,240543913;0,24346244;0,253057239;0,235231214;0,066518;0,064695736;0,065889869;Model 2;Fed;0;0;0;0
8-2-1;1;0;7.83% - 7.85% - 7.90%;1;16;3;0,771322505;0,768424071;0,764892735;0,242341356;0,242593772;0,239881707;0,254495409;0,24818975;0,235777036;0,066941243;0,066888206;0,065859258;Model 3;Fed;0,002898434;-0,000252416;0,006305659;0
8-2-1;0;1;1.9% - 15% - 30%;10;1024;1;0,775804297;0,736811257;0,741394485;0,0827134;0,090649054;0,299969771;0,08221052;0,061434787;0,202392542;0,017729623;0,01900272;0,072200238;Model 1;NonFed;0,03899304;-0,007935654;0,020775734;-0,001273097
8-2-1;0;1;1.9% - 15% - 30%;10;1024;2;0,783436433;0,74996394;0,752607913;0,350275847;0,372820488;0,262409748;0,414671089;0,38171598;0,218843498;0,106423013;0,112570924;0,072590182;Model 2;NonFed;0,033472493;-0,022544641;0,032955109;-0,006147911
8-2-1;0;1;1.9% - 15% - 30%;10;1024;3;0,785106535;0,766026432;0,755384413;0,492775942;0,525065512;0,356740817;0,613606652;0,596833446;0,220588119;0,162323037;0,173575712;0,106593378;Model 3;NonFed;0,019080102;-0,03228957;0,016773205;-0,011252675
8-2-1;0;1;1.9% - 15% - 30%;10;512;1;0,806310264;0,741897237;0,748544573;0,079656791;0,090296277;0,297764919;0,111882066;0,063932693;0,211209646;0,017462855;0,018986811;0,071879654;Model 1;NonFed;0,064413027;-0,010639486;0,047949373;-0,001523957
8-2-1;0;1;1.9% - 15% - 30%;10;512;2;0,809225332;0,753395391;0,754396621;0,334799052;0,372042781;0,264165291;0,462914676;0,383792525;0,22075939;0,101627482;0,112480032;0,073877471;Model 2;NonFed;0,055829941;-0,037243729;0,079122151;-0,01085255
8-2-1;0;1;1.9% - 15% - 30%;10;512;3;0,809512921;0,76727322;0,757820574;0,469786473;0,525709178;0,36062973;0,654309331;0,59846462;0,223625376;0,153666532;0,173467563;0,109700126;Model 3;NonFed;0,042239701;-0,055922706;0,055844711;-0,01980103
8-2-1;0;1;1.9% - 15% - 30%;10;256;1;0,849141887;0,741108517;0,749640319;0,074821537;0,091222213;0,290660448;0,167016939;0,063517977;0,212175591;0,016902875;0,019180078;0,070909447;Model 1;NonFed;0,108033369;-0,016400676;0,103498962;-0,002277202
8-2-1;0;1;1.9% - 15% - 30%;10;256;2;0,848252451;0,752660465;0,749192026;0,308936949;0,379283965;0,284364357;0,554654738;0,380028351;0,217953268;0,092958295;0,115530305;0,082169505;Model 2;NonFed;0,095591986;-0,070347016;0,174626387;-0,02257201
8-2-1;0;1;1.9% - 15% - 30%;10;256;3;0,851886571;0,756839286;0,747987579;0,426525511;0,539009742;0,36741639;0,726412763;0,588228007;0,206495264;0,137185853;0,177738991;0,113324513;Model 3;NonFed;0,095047285;-0,112484231;0,138184756;-0,040553138
8-2-1;0;1;1.9% - 15% - 30%;10;128;1;0,92450645;0,714059304;0,714192033;0,063212309;0,094405025;0,31486134;0,367300208;0,055905234;0,179697436;0,015355004;0,019275712;0,072446057;Model 1;NonFed;0,210447146;-0,031192716;0,311394975;-0,003920708
8-2-1;0;1;1.9% - 15% - 30%;10;128;2;0,912913651;0,731557021;0,730087155;0,256575753;0,409491113;0,313737543;0,712272894;0,355134371;0,196662773;0,074981563;0,12438079;0,092817937;Model 2;NonFed;0,18135663;-0,152915359;0,357138523;-0,049399227
8-2-1;0;1;1.9% - 15% - 30%;10;128;3;0,91717033;0,741758455;0,730735725;0,343401899;0,59139549;0,358904447;0,839207796;0,566842892;0,195265516;0,107960926;0,188579448;0,11071369;Model 3;NonFed;0,175411876;-0,247993591;0,272364904;-0,080618522
8-2-1;0;1;1.9% - 15% - 30%;10;64;1;0,96635608;0,694161685;0,68978395;0,048983514;0,108442158;0,345388015;0,58643758;0,049677889;0,160360545;0,011784629;0,021550356;0,072675;Model 1;NonFed;0,272194395;-0,059458645;0,536759692;-0,009765727
8-2-1;0;1;1.9% - 15% - 30%;10;64;2;0,964406967;0,707703571;0,711181816;0,181147939;0,471411877;0,302061189;0,855764874;0,325242325;0,189287697;0,05393614;0,126769169;0,082179311;Model 2;NonFed;0,256703396;-0,290263938;0,530522549;-0,072833029
8-2-1;0;1;1.9% - 15% - 30%;10;64;3;0,961130909;0,724739151;0,709987514;0,254144567;0,659496504;0,43182188;0,922809808;0,545267455;0,171634401;0,073353073;0,201859283;0,134962568;Model 3;NonFed;0,236391758;-0,405351937;0,377542352;-0,12850621
8-2-1;0;1;1.9% - 15% - 30%;10;32;1;0,987188353;0,676899832;0,670411766;0,034614486;0,137941992;0,519622094;0,774368611;0,043032599;0,155188107;0,00980748;0,020175389;0,075449931;Model 1;NonFed;0,310288521;-0,103327506;0,731336012;-0,010367909
8-2-1;0;1;1.9% - 15% - 30%;10;32;2;0,962373027;0,672327455;0,678936361;0,183080319;0,529271953;0,372035285;0,852046741;0,267420081;0,147366063;0,051600033;0,144441783;0,104796423;Model 2;NonFed;0,290045572;-0,346191634;0,58462666;-0,09284175
8-2-1;0;1;1.9% - 15% - 30%;10;32;3;0,970955802;0,697005203;0,681893748;0,230819765;0,699198839;0,48619784;0,938320991;0,503575166;0,158376925;0,065640271;0,214941126;0,15246832;Model 3;NonFed;0,273950599;-0,468379074;0,434745825;-0,149300856
8-2-1;0;1;1.9% - 15% - 30%;10;16;1;0,983321121;0,675922738;0,673726678;0,039309085;0,134119363;0,456101571;0,637760593;0,03952296;0,143978273;0,010213764;0,022535901;0,07493442;Model 1;NonFed;0,307398383;-0,094810277;0,598237633;-0,012322137
8-2-1;0;1;1.9% - 15% - 30%;10;16;2;0,966747544;0,699448224;0,678844102;0,172903992;0,508695863;0,34395265;0,872442325;0,307961808;0,155347504;0,049993808;0,130044513;0,091075095;Model 2;NonFed;0,26729932;-0,335791871;0,564480517;-0,080050705
8-2-1;0;1;1.9% - 15% - 30%;10;16;3;0,95590033;0,724935244;0,721347705;0,244503813;0,788887441;0,503581394;0,910838087;0,53658961;0,182234982;0,075003651;0,212851663;0,145715588;Model 3;NonFed;0,230965086;-0,544383628;0,374248476;-0,137848012
8-2-1;0;1;1.9% - 15% - 30%;5;1024;1;0,747011635;0,724788753;0,727804675;0,085271865;0,091622493;0,302281875;0,064600691;0,057143821;0,189441069;0,01790861;0,01905142;0,072513133;Model 1;NonFed;0,022222882;-0,006350628;0,00745687;-0,001142811
8-2-1;0;1;1.9% - 15% - 30%;5;1024;2;0,761358688;0,742511607;0,74629268;0,362424837;0,376251962;0,269396585;0,379095345;0,371558589;0,211198302;0,11001314;0,113684397;0,074077011;Model 2;NonFed;0,018847081;-0,013827125;0,007536756;-0,003671258
8-2-1;0;1;1.9% - 15% - 30%;5;1024;3;0,765814013;0,761579565;0,75059467;0,510270281;0,527589672;0,38796606;0,581004718;0,58721476;0,211116119;0,168907549;0,17466348;0,117890588;Model 3;NonFed;0,004234448;-0,017319391;0;-0,005755931
8-2-1;0;1;1.9% - 15% - 30%;5;512;1;0,775407349;0,736139833;0,741729271;0,082757089;0,090566523;0,296342362;0,081845034;0,06104208;0,201077432;0,017735527;0,01900988;0,072069641;Model 1;NonFed;0,039267516;-0,007809434;0,020802954;-0,001274352
8-2-1;0;1;1.9% - 15% - 30%;5;512;2;0,781343719;0,750262708;0,753069205;0,351581849;0,373705673;0,258571026;0,414068972;0,38250154;0,218929662;0,106710018;0,112604152;0,071523784;Model 2;NonFed;0,031081011;-0,022123824;0,031567432;-0,005894133
8-2-1;0;1;1.9% - 15% - 30%;5;512;3;0,784272532;0,767044841;0,755902381;0,498066523;0,524460542;0,409241602;0,612098796;0,594299879;0,218918684;0,164248811;0,173693414;0,12710053;Model 3;NonFed;0,017227691;-0,026394019;0,017798917;-0,009444604
8-2-1;0;1;1.9% - 15% - 30%;5;256;1;0,802634265;0,743158524;0,746152617;0,080149886;0,09019011;0,30131373;0,105139457;0,064248908;0,208926865;0,017531939;0,01896643;0,072194917;Model 1;NonFed;0,059475741;-0,010040224;0,040890549;-0,001434492
8-2-1;0;1;1.9% - 15% - 30%;5;256;2;0,805480421;0,753627651;0,754165572;0,337782642;0,371429772;0,25983004;0,458292595;0,385135842;0,221817476;0,102707569;0,112252827;0,071970236;Model 2;NonFed;0,05185277;-0,03364713;0,073156753;-0,009545258
8-2-1;0;1;1.9% - 15% - 30%;5;256;3;0,804370437;0,764832605;0,757195115;0,481164091;0,533683354;0,323507626;0,645837478;0,599055809;0,219051455;0,158315805;0,176412375;0,094301676;Model 3;NonFed;0,039537832;-0,052519263;0,046781669;-0,01809657
8-2-1;0;1;1.9% - 15% - 30%;5;128;1;0,83405973;0,741708603;0,747963599;0,076803311;0,091334464;0,309158386;0,141822051;0,063520625;0,207728506;0,017202286;0,019056456;0,072370441;Model 1;NonFed;0,092351128;-0,014531154;0,078301427;-0,00185417
8-2-1;0;1;1.9% - 15% - 30%;5;128;2;0,832299384;0,755087475;0,751577466;0,319099258;0,371802547;0,265527848;0,519217472;0,390059002;0,223276872;0,09660965;0,11226104;0,074496092;Model 2;NonFed;0,077211909;-0,052703289;0,12915847;-0,015651389
8-2-1;0;1;1.9% - 15% - 30%;5;128;3;0,833028581;0,763673113;0,752201808;0,446895658;0,532698385;0,355340575;0,692483514;0,591382695;0,21515988;0,145150344;0,175411322;0,108411357;Model 3;NonFed;0,069355468;-0,085802726;0,101100819;-0,030260978
8-2-1;0;1;1.9% - 15% - 30%;5;64;1;0,874006271;0,740382342;0,747147295;0,071701573;0,091736648;0,297929718;0,202989425;0,063446197;0,210116494;0,016572608;0,019168359;0,071317613;Model 1;NonFed;0,133623929;-0,020035075;0,139543229;-0,002595751
8-2-1;0;1;1.9% - 15% - 30%;5;64;2;0,866524204;0,748064798;0,747676153;0,296148057;0,383303622;0,261732539;0,590422821;0,367054336;0,211269221;0,090164876;0,114508389;0,073032714;Model 2;NonFed;0,118459407;-0,087155566;0,223368485;-0,024343513
8-2-1;0;1;1.9% - 15% - 30%;5;64;3;0,865716322;0,753847042;0,751660542;0,412472701;0,548466597;0,345498193;0,748026992;0,584496232;0,215955145;0,132681004;0,179866294;0,105271548;Model 3;NonFed;0,11186928;-0,135993897;0,16353076;-0,047185291
8-2-1;0;1;1.9% - 15% - 30%;5;32;1;0,907483214;0,728059611;0,728743328;0,065762608;0,094010203;0,318615024;0,304301155;0,057956008;0,193016298;0,015895107;0,019193914;0,072359302;Model 1;NonFed;0,179423603;-0,028247596;0,246345147;-0,003298807
8-2-1;0;1;1.9% - 15% - 30%;5;32;2;0,88402031;0,748955509;0,744199246;0,286293177;0,391305541;0,30161512;0,616521916;0,378626177;0,217419536;0,086165902;0,119615306;0,089309763;Model 2;NonFed;0,135064801;-0,105012364;0,237895739;-0,033449404
8-2-1;0;1;1.9% - 15% - 30%;5;32;3;0,886357156;0,753477548;0,738971477;0,388675798;0,547431936;0,37683992;0,778205782;0,584339989;0,199474737;0,123021076;0,179652405;0,116447054;Model 3;NonFed;0,132879608;-0,158756138;0,193865793;-0,056631329
8-2-1;0;1;1.9% - 15% - 30%;5;16;1;0,920408815;0,721621563;0,715273045;0,066979213;0,094422549;0,30182578;0,258300187;0,05074908;0,173002626;0,016083425;0,019537743;0,071763078;Model 1;NonFed;0,198787252;-0,027443336;0,207551107;-0,003454318
8-2-1;0;1;1.9% - 15% - 30%;5;16;2;0,886693566;0,737021987;0,736819412;0,281727339;0,396417492;0,291567115;0,625573244;0,353387564;0,194086882;0,084788519;0,118932698;0,084702515;Model 2;NonFed;0,149671579;-0,114690152;0,272185681;-0,034144179
8-2-1;0;1;1.9% - 15% - 30%;5;16;3;0,877674081;0,750255437;0,738749486;0,409587558;0,548697345;0,432167678;0,765610459;0,575654221;0,197317911;0,129980783;0,181439734;0,137215903;Model 3;NonFed;0,127418644;-0,139109787;0,189956238;-0,051458952
8-2-1;0;1;1.9% - 15% - 30%;3;1024;1;0,720961442;0,707380829;0,708379972;0,087376109;0,093102738;0,310690195;0,055263643;0,052823259;0,176923088;0,018012709;0,019101024;0,07299158;Model 1;NonFed;0,013580613;-0,005726629;0,002440384;-0,001088314
8-2-1;0;1;1.9% - 15% - 30%;3;1024;2;0,743420491;0,730761523;0,737069478;0,3713269;0,382459325;0,267681709;0,352931397;0,356475254;0,201450127;0,112483512;0,11510991;0,072892006;Model 2;NonFed;0,012658967;-0,011132425;0;-0,002626398
8-2-1;0;1;1.9% - 15% - 30%;3;1024;3;0,750185795;0,751772978;0,741987836;0,521822528;0,536950543;0,364279063;0,556910947;0,573804959;0,20545721;0,173212618;0,178261034;0,107551902;Model 3;NonFed;0;-0,015128015;0;-0,005048416
8-2-1;0;1;1.9% - 15% - 30%;3;512;1;0,753468816;0,728189265;0,72993549;0,08502017;0,09194608;0,313291048;0,067987275;0,058480672;0,193138233;0,017875639;0,019036419;0,07301971;Model 1;NonFed;0,025279551;-0,00692591;0,009506603;-0,00116078
8-2-1;0;1;1.9% - 15% - 30%;3;512;2;0,766693961;0,744399325;0,748803417;0,359893465;0,37631547;0,259601718;0,388312922;0,375550419;0,212374674;0,109198845;0,113302026;0,071285101;Model 2;NonFed;0,022294636;-0,016422005;0,012762503;-0,004103181
8-2-1;0;1;1.9% - 15% - 30%;3;512;3;0,770454769;0,762880636;0,752882392;0,50583997;0,528623595;0,351936192;0,588820759;0,59132464;0,215821136;0,167184991;0,174983251;0,104290085;Model 3;NonFed;0,007574134;-0,022783625;0;-0,00779826
8-2-1;0;1;1.9% - 15% - 30%;3;256;1;0,780751952;0,738664264;0,743554151;0,08253591;0,090518262;0,295663164;0,08345877;0,061222364;0,201659089;0,017750436;0,019043906;0,072005542;Model 1;NonFed;0,042087688;-0,007982352;0,022236407;-0,00129347
8-2-1;0;1;1.9% - 15% - 30%;3;256;2;0,786562922;0,751746032;0,752270397;0,349432735;0,371947547;0,272912532;0,42382685;0,383095033;0,218338085;0,105992622;0,112760165;0,075795006;Model 2;NonFed;0,03481689;-0,022514812;0,040731817;-0,006767543
8-2-1;0;1;1.9% - 15% - 30%;3;256;3;0,7867645;0,76820162;0,756323252;0,491449464;0,521182346;0,371349002;0,616612349;0,599935014;0,221347916;0,161838902;0,172332313;0,112255624;Model 3;NonFed;0,01856288;-0,029732881;0,016677335;-0,010493411
8-2-1;0;1;1.9% - 15% - 30%;3;128;1;0,805128049;0,742218482;0,743320092;0,080032498;0,090515364;0,308544573;0,108806045;0,064055799;0,209247673;0,017527838;0,018965536;0,072661775;Model 1;NonFed;0,062909567;-0,010482867;0,044750246;-0,001437698
8-2-1;0;1;1.9% - 15% - 30%;3;128;2;0,803368224;0,755364566;0,753503694;0,339219207;0,37000425;0,267887966;0,457344742;0,383845435;0,226782546;0,102784062;0,112287376;0,074329848;Model 2;NonFed;0,048003657;-0,030785043;0,073499307;-0,009503314
8-2-1;0;1;1.9% - 15% - 30%;3;128;3;0,804086809;0,770869886;0,760168572;0,476790304;0,526538385;0,33652129;0,64495023;0,606105314;0,226167666;0,156348105;0,173131625;0,100999661;Model 3;NonFed;0,033216923;-0,049748081;0,038844916;-0,01678352
8-2-1;0;1;1.9% - 15% - 30%;3;64;1;0,833115611;0,744666907;0,746725463;0,078034093;0,091606684;0,320506531;0,138081461;0,065916204;0,214491544;0,017419721;0,018981043;0,073227316;Model 1;NonFed;0,088448704;-0,013572592;0,072165257;-0,001561322
8-2-1;0;1;1.9% - 15% - 30%;3;64;2;0,826594345;0,75502901;0,752952098;0,32991804;0,371251823;0,275534866;0,50543276;0,382126665;0,221225129;0,099410445;0,112682905;0,076295421;Model 2;NonFed;0,071565335;-0,041333783;0,123306095;-0,013272461
8-2-1;0;1;1.9% - 15% - 30%;3;64;3;0,823298606;0,76394734;0,75218639;0,462627313;0,529090161;0,341975879;0,677991057;0,593242749;0,219940565;0,150997489;0,175297136;0,101218525;Model 3;NonFed;0,059351266;-0,066462847;0,084748308;-0,024299648
8-2-1;0;1;1.9% - 15% - 30%;3;32;1;0,848068036;0,744296544;0,749086025;0,077774741;0,09438273;0,337399614;0,147556731;0,064110015;0,215627792;0,017397531;0,019102844;0,073722424;Model 1;NonFed;0,103771491;-0,016607989;0,083446716;-0,001705313
8-2-1;0;1;1.9% - 15% - 30%;3;32;2;0,829504679;0,757485739;0,750823795;0,324661939;0,37299342;0,282413653;0,496755742;0,394909851;0,224759468;0,098667895;0,113476245;0,081049788;Model 2;NonFed;0,072018941;-0,048331481;0,101845891;-0,01480835
8-2-1;0;1;1.9% - 15% - 30%;3;32;3;0,833599791;0,762438896;0,748770162;0,454296019;0,526074993;0,398299377;0,689202755;0,597778669;0,205540687;0,147039286;0,174117199;0,123603048;Model 3;NonFed;0,071160895;-0,071778974;0,091424086;-0,027077913
8-2-1;0;1;1.9% - 15% - 30%;3;16;1;0,859649657;0,750240377;0,749921003;0,074100646;0,091430158;0,313069583;0,149209116;0,065710249;0,214720646;0,017091283;0,01896767;0,072142411;Model 1;NonFed;0,10940928;-0,017329511;0,083498867;-0,001876387
8-2-1;0;1;1.9% - 15% - 30%;3;16;2;0,83532885;0,758370575;0,753650737;0,321525148;0,371255426;0,257759171;0,499777012;0,384990317;0,212107517;0,098522655;0,112225666;0,071773798;Model 2;NonFed;0,076958275;-0,049730278;0,114786695;-0,013703011
8-2-1;0;1;1.9% - 15% - 30%;3;16;3;0,82500508;0,760401748;0,754660739;0,464636785;0,546554383;0,323291578;0,678452852;0,589102405;0,206135926;0,152286001;0,178293796;0,09593337;Model 3;NonFed;0,064603332;-0,081917599;0,089350448;-0,026007795
8-2-1;0;1;1.9% - 15% - 30%;1;1024;1;0,624098992;0,620687326;0,621345006;0,093864455;0,098586835;0,317126242;0,032069482;0,03488954;0,122776883;0,018357117;0,019386105;0,073617797;Model 1;NonFed;0,003411667;-0,00472238;0;-0,001028989
8-2-1;0;1;1.9% - 15% - 30%;1;1024;2;0,671458971;0,665394865;0,677557138;0,400956776;0,411452588;0,273499545;0,279024667;0,28494732;0,160108286;0,120086836;0,122712893;0,072224438;Model 2;NonFed;0,006064105;-0,010495813;0;-0,002626057
8-2-1;0;1;1.9% - 15% - 30%;1;1024;3;0,694051752;0,69769712;0,694601023;0,560624817;0,571394117;0,411578423;0,482366193;0,507627728;0,163489918;0,187883547;0,19185958;0,123118638;Model 3;NonFed;0;-0,0107693;0;-0,003976032
8-2-1;0;1;1.9% - 15% - 30%;1;512;1;0,691233173;0,680724007;0,683759948;0,089364801;0,09477917;0,317195899;0,046834524;0,047466545;0,158371728;0,018102006;0,019166709;0,073494704;Model 1;NonFed;0,010509165;-0,005414369;0;-0,001064703
8-2-1;0;1;1.9% - 15% - 30%;1;512;2;0,724712701;0,717142056;0,724330033;0,3797497;0,388757141;0,272613375;0,329821211;0,341375719;0,191254688;0,114758643;0,116729988;0,073981951;Model 2;NonFed;0,007570645;-0,00900744;0;-0,001971346
8-2-1;0;1;1.9% - 15% - 30%;1;512;3;0,734303008;0,738152626;0,731107923;0,534249033;0,54782785;0,367136539;0,532996344;0,556264594;0,19410163;0,177717715;0,182161537;0,108278071;Model 3;NonFed;0;-0,013578817;0;-0,004443823
8-2-1;0;1;1.9% - 15% - 30%;1;256;1;0,732986838;0,714128393;0,716366682;0,086375755;0,092593617;0,31271201;0,059744432;0,054584348;0,181809106;0,017957437;0,019073336;0,073209236;Model 1;NonFed;0,018858445;-0,006217862;0,005160084;-0,001115899
8-2-1;0;1;1.9% - 15% - 30%;1;256;2;0,75338573;0,738786778;0,743132473;0,367307617;0,378311382;0,274665989;0,364368244;0,366092852;0,207812561;0,111545407;0,114330453;0,075418123;Model 2;NonFed;0,014598952;-0,011003765;0;-0,002785046
8-2-1;0;1;1.9% - 15% - 30%;1;256;3;0,755876748;0,754281306;0,745939467;0,517848177;0,534090275;0,365409449;0,564982602;0,578375994;0,208256883;0,171749467;0,177247985;0,107212324;Model 3;NonFed;0,001595442;-0,016242099;0;-0,005498518
8-2-1;0;1;1.9% - 15% - 30%;1;128;1;0,756987831;0,726836567;0,729106096;0,084648408;0,091837267;0,315836238;0,071638153;0,058247066;0,193743874;0,017867773;0,019041016;0,073413808;Model 1;NonFed;0,030151264;-0,007188859;0,013391088;-0,001173243
8-2-1;0;1;1.9% - 15% - 30%;1;128;2;0,76996984;0,747819613;0,74913811;0,359121469;0,375439846;0,256742691;0,391327268;0,377778629;0,214644569;0,109097181;0,11312254;0,070409716;Model 2;NonFed;0,022150227;-0,016318377;0,013548639;-0,004025359
8-2-1;0;1;1.9% - 15% - 30%;1;128;3;0,771717062;0,763606624;0,750955886;0,504913085;0,525819571;0,374290024;0,588707298;0,588316136;0,209964853;0,166767593;0,173992715;0,112773758;Model 3;NonFed;0,008110437;-0,020906486;0,000391162;-0,007225122
8-2-1;0;1;1.9% - 15% - 30%;1;64;1;0,777299771;0,734870011;0,739132821;0,082689223;0,090275469;0,299120678;0,082460142;0,062081759;0,204176152;0,017748281;0,018971425;0,072559823;Model 1;NonFed;0,04242976;-0,007586246;0,020378384;-0,001223144
8-2-1;0;1;1.9% - 15% - 30%;1;64;2;0,778098657;0,752221815;0,751213179;0,354852542;0,373261868;0,257423112;0,405143155;0,37944596;0,214748085;0,108121578;0,112892905;0,070446323;Model 2;NonFed;0,025876842;-0,018409326;0,025697195;-0,004771327
8-2-1;0;1;1.9% - 15% - 30%;1;64;3;0,779402328;0,76625673;0,751497896;0,53063468;0,54463824;0,494565709;0,596902883;0,587082048;0,20578238;0,176409598;0,181928877;0,160290695;Model 3;NonFed;0,013145598;-0,01400356;0,009820835;-0,005519279
8-2-1;0;1;1.9% - 15% - 30%;1;32;1;0,790324336;0,742075053;0,744346723;0,081586;0,089721136;0,29841208;0,093349041;0,063513958;0,210774188;0,017679197;0,018951785;0,072500189;Model 1;NonFed;0,048249283;-0,008135136;0,029835083;-0,001272589
8-2-1;0;1;1.9% - 15% - 30%;1;32;2;0,780933276;0,754297103;0,751660108;0,354238137;0,371139889;0,267452567;0,407724168;0,383142033;0,214161471;0,107864762;0,112599218;0,073195392;Model 2;NonFed;0,026636173;-0,016901752;0,024582135;-0,004734457
8-2-1;0;1;1.9% - 15% - 30%;1;32;3;0,783475565;0,764838162;0,754339914;0,503130074;0,528404339;0,373234934;0,607139335;0,58927389;0,219107048;0,166129639;0,175566247;0,110445623;Model 3;NonFed;0,018637403;-0,025274265;0,017865445;-0,009436607
8-2-1;0;1;1.9% - 15% - 30%;1;16;1;0,796832784;0,747377227;0,749003383;0,081487172;0,089220048;0,295323405;0,093954394;0,067091965;0,218246094;0,017697572;0,018925908;0,072519399;Model 1;NonFed;0,049455557;-0,007732876;0,026862429;-0,001228335
8-2-1;0;1;1.9% - 15% - 30%;1;16;2;0,786887252;0,759218785;0,757788932;0,349119665;0,368289793;0,25849027;0,416354592;0,393731902;0,224692807;0,106230032;0,111572179;0,071761106;Model 2;NonFed;0,027668467;-0,019170127;0,022622689;-0,005342147
8-2-1;0;1;1.9% - 15% - 30%;1;16;3;0,785100813;0,770236056;0,757350503;0,508838626;0,526310781;0,418287016;0,605783382;0,604370819;0,221236798;0,167562372;0,174650288;0,126969191;Model 3;NonFed;0,014864758;-0,017472154;0,001412563;-0,007087916
8-2-1;1;1;1.9% - 15% - 30%;10;1024;1;0,772590267;0,744845477;0,749573747;0,102292363;0,107681672;0,247146204;0,076571594;0,063039473;0,208128666;0,020552862;0,021780907;0,067090225;Model 1;Fed;0,02774479;-0,005389309;0,013532121;-0,001228045
8-2-1;1;1;1.9% - 15% - 30%;10;1024;2;0,74933024;0,741538101;0,747413958;0,428272153;0,441786302;0,250742179;0,357576299;0,367618727;0,207132971;0,123860899;0,126808464;0,067549364;Model 2;Fed;0,007792139;-0,013514149;0;-0,002947565
8-2-1;1;1;1.9% - 15% - 30%;10;1024;3;0,744970207;0,756435157;0,748073323;0,829516972;0,86759295;0,254151371;0,548771452;0,580982407;0,208077109;0,245367028;0,257463589;0,06801652;Model 3;Fed;0;-0,038075978;0;-0,01209656
8-2-1;1;1;1.9% - 15% - 30%;10;512;1;0,793222248;0,750982497;0,756214924;0,094117577;0,101232966;0,249200625;0,095577954;0,066280048;0,216906551;0,019404743;0,020915969;0,067210417;Model 1;Fed;0,042239751;-0,007115389;0,029297907;-0,001511226
8-2-1;1;1;1.9% - 15% - 30%;10;512;2;0,760488898;0,749784068;0,754500451;0,440861045;0,456382628;0,254005836;0,377948018;0,380225421;0,215736583;0,124999932;0,128176906;0,067851543;Model 2;Fed;0,010704829;-0,015521583;0;-0,003176973
8-2-1;1;1;1.9% - 15% - 30%;10;512;3;0,753638718;0,763355421;0,754874168;0,871099533;0,912615818;0,258694572;0,563457255;0,594881232;0,218175464;0,249458489;0,261916618;0,068427766;Model 3;Fed;0;-0,041516285;0;-0,012458129
8-2-1;1;1;1.9% - 15% - 30%;10;256;1;0,820941652;0,754297446;0,758456083;0,092114826;0,101778318;0,247930013;0,121001019;0,068340325;0,221125966;0,019208704;0,021229895;0,066926583;Model 1;Fed;0,066644206;-0,009663492;0,052660694;-0,002021191
8-2-1;1;1;1.9% - 15% - 30%;10;256;2;0,771274856;0,754528654;0,757617816;0,432644038;0,451571139;0,252780721;0,394955124;0,383871563;0,220478856;0,123393366;0,12709639;0,067536466;Model 2;Fed;0,016746203;-0,018927101;0,011083562;-0,003703024
8-2-1;1;1;1.9% - 15% - 30%;10;256;3;0,759763269;0,766702935;0,757131738;0,860241775;0,903247668;0,258063148;0,571036585;0,598535483;0,221188795;0,247034437;0,259594609;0,068161635;Model 3;Fed;0;-0,043005893;0;-0,012560172
8-2-1;1;1;1.9% - 15% - 30%;10;128;1;0,862277593;0,752656417;0,758022339;0,086187866;0,101495138;0,250164605;0,186378538;0,068542592;0,221251707;0,018372991;0,021555143;0,067003111;Model 1;Fed;0,109621175;-0,015307272;0,117835946;-0,003182153
8-2-1;1;1;1.9% - 15% - 30%;10;128;2;0,780608464;0,753213513;0,756982896;0,432625765;0,458493369;0,255041518;0,411572569;0,384045946;0,222020598;0,122343853;0,126790391;0,067514053;Model 2;Fed;0,027394951;-0,025867604;0,027526623;-0,004446538
8-2-1;1;1;1.9% - 15% - 30%;10;128;3;0,762803041;0,762802469;0,757572649;0,872764965;0,922123763;0,259918001;0,577495172;0,596427627;0,224773694;0,246407849;0,259242704;0,068083621;Model 3;Fed;5,71937E-07;-0,049358799;0;-0,012834855
8-2-1;1;1;1.9% - 15% - 30%;10;64;1;0,910304448;0,747231707;0,747914957;0,080792544;0,106712131;0,256632701;0,296412038;0,065465818;0,217472654;0,017698325;0,02354414;0,067371239;Model 1;Fed;0,163072742;-0,025919587;0,23094622;-0,005845814
8-2-1;1;1;1.9% - 15% - 30%;10;64;2;0,784280342;0,744502196;0,746756981;0,430115185;0,469962147;0,261525308;0,419042978;0,368731462;0,216993305;0,119492923;0,125651778;0,067637591;Model 2;Fed;0,039778146;-0,039846962;0,050311516;-0,006158854
8-2-1;1;1;1.9% - 15% - 30%;10;64;3;0,760172421;0,75142386;0,746427531;0,881408524;0,943240876;0,266321969;0,57093778;0,574448053;0,215323902;0,24192045;0,255950429;0,068088425;Model 3;Fed;0,008748561;-0,061832353;0;-0,014029978
8-2-1;1;1;1.9% - 15% - 30%;10;32;1;0,948582259;0,742939327;0,739205629;0,096689144;0,129898799;0,258544613;0,426773888;0,064507739;0,201649287;0,021236867;0,030336203;0,069951855;Model 1;Fed;0,205642932;-0,033209655;0,36226615;-0,009099337
8-2-1;1;1;1.9% - 15% - 30%;10;32;2;0,784770829;0,734353763;0,736828005;0,390669387;0,443430908;0,260045224;0,428806645;0,355598268;0,20154876;0,111505312;0,120539766;0,069052004;Model 2;Fed;0,050417066;-0,052761521;0,073208377;-0,009034454
8-2-1;1;1;1.9% - 15% - 30%;10;32;3;0,75553508;0,742860653;0,736526133;0,784457717;0,843849003;0,261150483;0,559366117;0,569901762;0,201039582;0,224743406;0,237173893;0,068542447;Model 3;Fed;0,012674427;-0,059391285;0;-0,012430487
8-2-1;1;1;1.9% - 15% - 30%;10;16;1;0,967347947;0,720971741;0,717663387;0,079730722;0,11635865;0,266478505;0,511161212;0,061003021;0,186629568;0,016489799;0,024930221;0,068794967;Model 1;Fed;0,246376206;-0,036627928;0,450158191;-0,008440422
8-2-1;1;1;1.9% - 15% - 30%;10;16;2;0,761263019;0,71896677;0,717190555;0,430564917;0,474807723;0,270146402;0,382311479;0,335404671;0,185863631;0,119415442;0,125549483;0,068782072;Model 2;Fed;0,042296249;-0,044242806;0,046906808;-0,006134042
8-2-1;1;1;1.9% - 15% - 30%;10;16;3;0,731963943;0,718560886;0,713099358;0,869714522;0,941093381;0,274719095;0,538910601;0,541196466;0,184448923;0,238248147;0,252314334;0,068933046;Model 3;Fed;0,013403056;-0,071378859;0;-0,014066187
8-2-1;1;1;1.9% - 15% - 30%;5;1024;1;0,75026181;0,733461798;0,738607469;0,103902521;0,108498958;0,250167059;0,063606417;0,058878037;0,200283705;0,020623785;0,021706919;0,067492639;Model 1;Fed;0,016800012;-0,004596437;0,00472838;-0,001083135
8-2-1;1;1;1.9% - 15% - 30%;5;1024;2;0,734103247;0,730273058;0,735400296;0,436087461;0,448054076;0,253437861;0,336606671;0,356393641;0,198168326;0,125273335;0,127896864;0,067921325;Model 2;Fed;0,003830189;-0,011966615;0;-0,002623529
8-2-1;1;1;1.9% - 15% - 30%;5;1024;3;0,731326258;0,74398561;0,73683089;0,84085769;0,878031407;0,255943384;0,531164047;0,571539893;0,199513022;0,247476936;0,259398935;0,068315352;Model 3;Fed;0;-0,037173716;0;-0,011921999
8-2-1;1;1;1.9% - 15% - 30%;5;512;1;0,77213756;0,744174076;0,749901894;0,095142925;0,100985408;0,252071421;0,077039102;0,063087016;0,212941197;0,019507993;0,020770818;0,067579149;Model 1;Fed;0,027963485;-0,005842483;0,013952087;-0,001262825
8-2-1;1;1;1.9% - 15% - 30%;5;512;2;0,749732167;0,743075777;0,746889661;0,450212555;0,46388234;0,257272311;0,359741999;0,372807813;0,209779126;0,126447809;0,1292676;0,06823547;Model 2;Fed;0,00665639;-0,013669785;0;-0,002819792
8-2-1;1;1;1.9% - 15% - 30%;5;512;3;0,744300023;0,756540482;0,748119204;0,888413998;0,928743906;0,26171702;0,549825355;0,586452365;0,210349658;0,251951574;0,264341987;0,068822795;Model 3;Fed;0;-0,040329908;0;-0,012390413
8-2-1;1;1;1.9% - 15% - 30%;5;256;1;0,792078217;0,750424333;0,755641458;0,09523515;0,102235351;0,248221162;0,093157919;0,065868405;0,219573349;0,019619355;0,021115096;0,066996399;Model 1;Fed;0,041653884;-0,0070002;0,027289514;-0,00149574
8-2-1;1;1;1.9% - 15% - 30%;5;256;2;0,760830931;0,752815582;0,754223117;0,437455741;0,451101705;0,252637777;0,378183865;0,387720115;0,220000932;0,124470497;0,12737743;0,067564927;Model 2;Fed;0,008015349;-0,013645964;0;-0,002906933
8-2-1;1;1;1.9% - 15% - 30%;5;256;3;0,754485354;0,763313708;0,755077174;0,862851562;0,904865319;0,256868462;0,56352969;0,595795958;0,222341;0,248329349;0,260692398;0,068111215;Model 3;Fed;0;-0,042013757;0;-0,012363049
8-2-1;1;1;1.9% - 15% - 30%;5;128;1;0,815148618;0,754214897;0,758958138;0,09070794;0,099670482;0,249648442;0,114963288;0,068244001;0,221018676;0,018903667;0,020732484;0,067250117;Model 1;Fed;0,060933721;-0,008962542;0,046719287;-0,001828817
8-2-1;1;1;1.9% - 15% - 30%;5;128;2;0,768214118;0,756581313;0,757751613;0,441137538;0,457425589;0,254865873;0,390568389;0,38525371;0,221063492;0,124892773;0,128299903;0,067864693;Model 2;Fed;0,011632805;-0,016288051;0,005314678;-0,00340713
8-2-1;1;1;1.9% - 15% - 30%;5;128;3;0,759967262;0,76479893;0,758187591;0,876526395;0,922178983;0,260428888;0,571249881;0,594659699;0,219243827;0,249803492;0,262810369;0,068566438;Model 3;Fed;0;-0,045652588;0;-0,013006878
8-2-1;1;1;1.9% - 15% - 30%;5;64;1;0,841892585;0,755341268;0,760370523;0,089738804;0,101309024;0,246910898;0,146906457;0,06989875;0,230207238;0,018758368;0,021088729;0,066654423;Model 1;Fed;0,086551317;-0,01157022;0,077007707;-0,002330361
8-2-1;1;1;1.9% - 15% - 30%;5;64;2;0,775154618;0,754980006;0,758141772;0,431281083;0,451948144;0,251819331;0,401712875;0,388202487;0,230970833;0,123206299;0,126965014;0,067239362;Model 2;Fed;0,020174613;-0,020667061;0,013510389;-0,003758716
8-2-1;1;1;1.9% - 15% - 30%;5;64;3;0,7635898;0,767479435;0,759803385;0,858396332;0,903633754;0,256166008;0,578467629;0,604283553;0,231880756;0,246695658;0,259283159;0,067832041;Model 3;Fed;0;-0,045237422;0;-0,012587501
8-2-1;1;1;1.9% - 15% - 30%;5;32;1;0,869821505;0,754805098;0,756380518;0,093043937;0,107371647;0,244053988;0,189634292;0,069395452;0,223704169;0,019187969;0,022373367;0,066309059;Model 1;Fed;0,115016407;-0,01432771;0,120238841;-0,003185398
8-2-1;1;1;1.9% - 15% - 30%;5;32;2;0,779483827;0,755297431;0,755534402;0,411029009;0,433863637;0,247293789;0,410732277;0,384011716;0,224803118;0,119950254;0,124372425;0,066679057;Model 2;Fed;0,024186396;-0,022834629;0,026720561;-0,00442217
8-2-1;1;1;1.9% - 15% - 30%;5;32;3;0,765799913;0,764186602;0,755131245;0,811278349;0,857778507;0,250851725;0,579861737;0,592667768;0,225052463;0,240316818;0,253093355;0,067171291;Model 3;Fed;0,001613312;-0,046500159;0;-0,012776537
8-2-1;1;1;1.9% - 15% - 30%;5;16;1;0,875526891;0,756700465;0,754889059;0,085156615;0,100705642;0,250221114;0,170244682;0,071399058;0,223745175;0,018279301;0,021293291;0,066861405;Model 1;Fed;0,118826426;-0,015549027;0,098845625;-0,00301399
8-2-1;1;1;1.9% - 15% - 30%;5;16;2;0,776055894;0,755448233;0,753674158;0,436338922;0,458613944;0,255731514;0,404455241;0,38861243;0,223519571;0,123015517;0,126813865;0,067453281;Model 2;Fed;0,020607661;-0,022275022;0,015842811;-0,003798348
8-2-1;1;1;1.9% - 15% - 30%;5;16;3;0,76410663;0,763949027;0,753463118;0,870388931;0,919686022;0,260656613;0,581321495;0,593147032;0,223561465;0,246496323;0,259748144;0,068053959;Model 3;Fed;0,000157603;-0,049297091;0;-0,013251821
8-2-1;1;1;1.9% - 15% - 30%;3;1024;1;0,728713014;0,719523282;0,722830819;0,106348786;0,110313674;0,254069023;0,057012209;0,054987026;0,186905613;0,020752444;0,021759948;0,068053286;Model 1;Fed;0,009189732;-0,003964887;0,002025184;-0,001007504
8-2-1;1;1;1.9% - 15% - 30%;3;1024;2;0,716077305;0,712482717;0,720359014;0,442130548;0,454483649;0,256804195;0,317725765;0,336717608;0,185126771;0,126406923;0,129035568;0,068405633;Model 2;Fed;0,003594589;-0,012353101;0;-0,002628645
8-2-1;1;1;1.9% - 15% - 30%;3;1024;3;0,714816137;0,726092883;0,720980967;0,845554686;0,883273628;0,258655757;0,513352778;0,553895059;0,186477167;0,248678097;0,260682065;0,068671699;Model 3;Fed;0;-0,037718942;0;-0,012003968
8-2-1;1;1;1.9% - 15% - 30%;3;512;1;0,756490413;0,738033243;0,741642752;0,099801634;0,104681363;0,251461049;0,067591202;0,060919831;0,204669075;0,020052371;0,021180234;0,067646909;Model 1;Fed;0,018457169;-0,004879729;0,00667137;-0,001127863
8-2-1;1;1;1.9% - 15% - 30%;3;512;2;0,738747743;0,733723795;0,739274931;0,443954859;0,456658015;0,255456026;0,343941851;0,361437715;0,20178778;0,126140711;0,128816228;0,068161127;Model 2;Fed;0,005023948;-0,012703156;0;-0,002675518
8-2-1;1;1;1.9% - 15% - 30%;3;512;3;0,735264727;0,747540265;0,739413288;0,86468035;0,903317754;0,258893614;0,53716692;0,57689565;0,203107708;0,250137153;0,262221811;0,06860913;Model 3;Fed;0;-0,038637403;0;-0,012084658
8-2-1;1;1;1.9% - 15% - 30%;3;256;1;0,777021276;0,747702892;0,751748768;0,101265293;0,106832555;0,246452578;0,079832077;0,064324359;0,213491764;0,020453407;0,021717445;0,066900646;Model 1;Fed;0,029318384;-0,005567262;0,015507718;-0,001264038
8-2-1;1;1;1.9% - 15% - 30%;3;256;2;0,753579169;0,7467342;0,750808223;0,427448037;0,439996329;0,249407455;0,365502014;0,378452309;0,215129502;0,123515314;0,126313737;0,067276168;Model 2;Fed;0,006844969;-0,012548293;0;-0,002798423
8-2-1;1;1;1.9% - 15% - 30%;3;256;3;0,748269682;0,759210236;0,751518494;0,831942329;0,870018949;0,25290363;0,554227227;0,589763767;0,214135769;0,245328789;0,257275179;0,067832599;Model 3;Fed;0;-0,03807662;0;-0,011946389
8-2-1;1;1;1.9% - 15% - 30%;3;128;1;0,794311469;0,751654584;0,757711936;0,094512861;0,101636774;0,248306972;0,093017064;0,067987175;0,222481327;0,019593716;0,021069804;0,066977322;Model 1;Fed;0,042656885;-0,007123913;0,025029889;-0,001476088
8-2-1;1;1;1.9% - 15% - 30%;3;128;2;0,762618904;0,754250063;0,757539456;0,438849199;0,452999311;0,252812677;0,380693735;0,386859447;0,222969861;0,124380889;0,127383999;0,067558488;Model 2;Fed;0,008368841;-0,014150112;0;-0,00300311
8-2-1;1;1;1.9% - 15% - 30%;3;128;3;0,757349532;0,764618814;0,758588701;0,868141839;0,91019377;0,257471926;0,565956177;0,599416373;0,22393841;0,248486238;0,260637033;0,068145569;Model 3;Fed;0;-0,042051932;0;-0,012150795
8-2-1;1;1;1.9% - 15% - 30%;3;64;1;0,811676065;0,75343749;0,760334227;0,093977937;0,102358606;0,245950441;0,110286034;0,067158806;0,22427772;0,019305891;0,02108614;0,066827336;Model 1;Fed;0,058238575;-0,008380669;0,043127227;-0,001780249
8-2-1;1;1;1.9% - 15% - 30%;3;64;2;0,769588249;0,75747482;0,758890293;0,430388675;0,445977257;0,25038128;0,390825398;0,386511716;0,223739424;0,123835539;0,127098174;0,067417496;Model 2;Fed;0,01211343;-0,015588582;0,004313682;-0,003262635
8-2-1;1;1;1.9% - 15% - 30%;3;64;3;0,760660763;0,765977707;0,759857176;0,851068141;0,894628573;0,254508148;0,573225438;0,60097515;0,225910368;0,247433699;0,25999967;0,06796383;Model 3;Fed;0;-0,043560432;0;-0,012565971
8-2-1;1;1;1.9% - 15% - 30%;3;32;1;0,827199813;0,759356787;0,762794648;0,09015041;0,099147739;0,246661068;0,125353137;0,073569292;0,233825084;0,018680088;0,020476362;0,066873976;Model 1;Fed;0,067843026;-0,008997329;0,051783845;-0,001796274
8-2-1;1;1;1.9% - 15% - 30%;3;32;2;0,773891712;0,760515814;0,76216072;0,435396135;0,451622957;0,251353424;0,400602693;0,394812879;0,235961023;0,124730418;0,128007042;0,067490865;Model 2;Fed;0,013375898;-0,016226823;0,005789814;-0,003276624
8-2-1;1;1;1.9% - 15% - 30%;3;32;3;0,764544489;0,768342603;0,761653888;0,862516219;0,907293905;0,256135366;0,57777994;0,604216353;0,235242204;0,249499374;0,262302678;0,068155774;Model 3;Fed;0;-0,044777686;0;-0,012803304
8-2-1;1;1;1.9% - 15% - 30%;3;16;1;0,830973806;0,76192433;0,76148209;0,09152467;0,10037207;0,245604917;0,118753693;0,076207295;0,236618132;0,018919912;0,020622828;0,066682929;Model 1;Fed;0,069049476;-0,0088474;0,042546398;-0,001702916
8-2-1;1;1;1.9% - 15% - 30%;3;16;2;0,777169792;0,762617276;0,760643947;0,429633135;0,446657397;0,250235738;0,402450478;0,394531724;0,23672611;0,124055289;0,127535442;0,067283132;Model 2;Fed;0,014552516;-0,017024262;0,007918753;-0,003480153
8-2-1;1;1;1.9% - 15% - 30%;3;16;3;0,767962545;0,774387493;0,760541886;0,84928028;0,891743957;0,254689524;0,583241517;0,612420891;0,23805606;0,247888648;0,260485982;0,067866663;Model 3;Fed;0;-0,042463677;0;-0,012597334
8-2-1;1;1;1.9% - 15% - 30%;1;1024;1;0,622923585;0,624468017;0,623485934;0,099976445;0,103764574;0,288427499;0,031769187;0,035160706;0,124498778;0,019058666;0,020018668;0,071902967;Model 1;Fed;0;-0,003788129;0;-0,000960002
8-2-1;1;1;1.9% - 15% - 30%;1;1024;2;0,620190788;0,612787229;0,625287392;0,522550361;0,539728941;0,290590897;0,233422986;0,236454666;0,124489288;0,136225075;0,139435484;0,072069787;Model 2;Fed;0,007403558;-0,01717858;0;-0,003210409
8-2-1;1;1;1.9% - 15% - 30%;1;1024;3;0,623434431;0,630558658;0,63180501;1,007186709;1,053639974;0,290119712;0,416427854;0,451271004;0,128819825;0,268298847;0,282198977;0,072026253;Model 3;Fed;0;-0,046453265;0;-0,013900131
8-2-1;1;1;1.9% - 15% - 30%;1;512;1;0,689996042;0,685074884;0,686996685;0,093529636;0,097770032;0,281093843;0,046130596;0,04792755;0,161888959;0,01856837;0,019566727;0,071138527;Model 1;Fed;0,004921158;-0,004240396;0;-0,000998357
8-2-1;1;1;1.9% - 15% - 30%;1;512;2;0,681726606;0,676273747;0,686280768;0,518090477;0,534244189;0,285401697;0,287128925;0,298809519;0,16038961;0,135390354;0,138476916;0,071502144;Model 2;Fed;0,00545286;-0,016153711;0;-0,003086562
8-2-1;1;1;1.9% - 15% - 30%;1;512;3;0,681971226;0,691304469;0,690235439;1,014817434;1,061375294;0,287249288;0,480424606;0,520430054;0,163899501;0,268045602;0,281714157;0,07165934;Model 3;Fed;0;-0,04655786;0;-0,013668555
8-2-1;1;1;1.9% - 15% - 30%;1;256;1;0,731262806;0,719070809;0,720766359;0,091339471;0,096045829;0,270736184;0,057421557;0,055121352;0,186169235;0,018489345;0,019535228;0,070170604;Model 1;Fed;0,012191997;-0,004706358;0,002300205;-0,001045883
8-2-1;1;1;1.9% - 15% - 30%;1;256;2;0,717683849;0,712625679;0,718786061;0,497635286;0,512681555;0,275802166;0,321684225;0,340613337;0,184734153;0,133402018;0,136351294;0,070653322;Model 2;Fed;0,005058171;-0,015046269;0;-0,002949275
8-2-1;1;1;1.9% - 15% - 30%;1;256;3;0,715863231;0,727526866;0,721278185;0,981113924;1,026350656;0,279263933;0,517830888;0,557896054;0,18676427;0,264965355;0,27830486;0,070999612;Model 3;Fed;0;-0,045236732;0;-0,013339506
8-2-1;1;1;1.9% - 15% - 30%;1;128;1;0,755067593;0,734098216;0,734759792;0,087982558;0,093355359;0,270759256;0,067908333;0,061955806;0,201115055;0,018191806;0,019298114;0,070147315;Model 1;Fed;0,020969377;-0,005372801;0,005952527;-0,001106308
8-2-1;1;1;1.9% - 15% - 30%;1;128;2;0,736521384;0,731840271;0,733004959;0,499973377;0,515081884;0,276529908;0,346126447;0,361402635;0,19970103;0,133508904;0,136550916;0,070713703;Model 2;Fed;0,004681113;-0,015108507;0;-0,003042012
8-2-1;1;1;1.9% - 15% - 30%;1;128;3;0,732534959;0,745026942;0,735034674;0,995751941;1,041517971;0,28133554;0,537241367;0,576314839;0,199567584;0,266194162;0,2796212;0,071181162;Model 3;Fed;0;-0,04576603;0;-0,013427038
8-2-1;1;1;1.9% - 15% - 30%;1;64;1;0,775980294;0,745093304;0,748542898;0,095070633;0,100507855;0,25161014;0,076627624;0,064908543;0,21282875;0,019032908;0,020195741;0,068022102;Model 1;Fed;0,03088699;-0,005437222;0,011719081;-0,001162833
8-2-1;1;1;1.9% - 15% - 30%;1;64;2;0,75197566;0,744854445;0,747993132;0,44599237;0,459593004;0,255256761;0,361949078;0,37369883;0,212111341;0,127738479;0,130691558;0,068538497;Model 2;Fed;0,007121215;-0,013600634;0;-0,002953079
8-2-1;1;1;1.9% - 15% - 30%;1;64;3;0,745975717;0,757916608;0,748872441;0,873136889;0,913354755;0,258755415;0,552710655;0,591685232;0,212766558;0,254062532;0,266601308;0,069013872;Model 3;Fed;0;-0,040217866;0;-0,012538776
8-2-1;1;1;1.9% - 15% - 30%;1;32;1;0,787551351;0,751712406;0,754917971;0,097953205;0,103560618;0,246831504;0,085796313;0,066560538;0,21696252;0,019481417;0,020719689;0,067382671;Model 1;Fed;0,035838945;-0,005607413;0,019235775;-0,001238272
8-2-1;1;1;1.9% - 15% - 30%;1;32;2;0,759804963;0,751747369;0,754278149;0,430188096;0,443168725;0,250271923;0,3708009;0,379102748;0,218018484;0,125465227;0,128497871;0,067850664;Model 2;Fed;0,008057595;-0,012980628;0;-0,003032644
8-2-1;1;1;1.9% - 15% - 30%;1;32;3;0,753999631;0,762348788;0,754209405;0,836196358;0,877102151;0,254259279;0,559475966;0,586164887;0,212531213;0,249163059;0,261981193;0,068419851;Model 3;Fed;0;-0,040905793;0;-0,012818135
8-2-1;1;1;1.9% - 15% - 30%;1;16;1;0,79288724;0,754491871;0,756471908;0,102295781;0,107520207;0,244684402;0,082182454;0,071561239;0,226175281;0,019786289;0,020973901;0,067191093;Model 1;Fed;0,038395369;-0,005224426;0,010621216;-0,001187612
8-2-1;1;1;1.9% - 15% - 30%;1;16;2;0,763727773;0,757246389;0,756051936;0,418772108;0,429554244;0,246994202;0,3743307;0,388841866;0,224736389;0,124696244;0,127614293;0,067541514;Model 2;Fed;0,006481384;-0,010782137;0;-0,002918049
8-2-1;1;1;1.9% - 15% - 30%;1;16;3;0,75837596;0,765933381;0,756734103;0,801660657;0,842002195;0,249009707;0,568584127;0,599173487;0,225568491;0,246635368;0,259560474;0,067908652;Model 3;Fed;0;-0,040341538;0;-0,012925105
